the_geom,p_lecz,field_1,unique_id,id_no,site_id,name_seria,name_en,name_fr,date_inscr,sec_date,danger_lis,longitude,latitude,area_ha,area_ha1,c1,c2,c3,c4,c5,c6,criteria_t,category,category_s,states_en,states_fr,region_en,region_fr,iso_code,undp_code,transbound,her_type1,her_type2,buffer_ha,srtm_min,srtm_max,srtm_mean,cartodb_id,ur_grump,ur_mod_buf,ur_joined,dist_mcd,dist_gshhs,dist_join,column_2020_rcp2_6_flood,column_2020_rcp2_6_erosion,column_2020_rcp4_5_flood,column_2020_rcp4_5_erosion,column_2020_rcp8_5_flood,column_2020_rcp8_5_erosion,column_2020_high_end_flood,column_2020_high_end_erosion,column_2030_rcp2_6_flood,column_2030_rcp2_6_erosion,column_2030_rcp4_5_flood,column_2030_rcp4_5_erosion,column_2030_rcp8_5_flood,column_2030_rcp8_5_erosion,column_2030_high_end_flood,column_2030_high_end_erosion,column_2050_rcp2_6_flood,column_2050_rcp2_6_erosion,column_2050_rcp4_5_flood,column_2050_rcp4_5_erosion,column_2050_rcp8_5_flood,column_2050_rcp8_5_erosion,column_2050_high_end_flood,column_2050_high_end_erosion,column_2100_rcp2_6_flood,column_2100_rcp2_6_erosion,column_2100_rcp4_5_flood,column_2100_rcp4_5_erosion,column_2100_rcp8_5_flood,column_2100_rcp8_5_erosion,column_2100_high_end_flood,column_2100_high_end_erosion
0101000020E6100000C06247C242C02840DE6F9B4666BC4640,0.0784425,34,45,394,0, ,Venice and its Lagoon,Venise et sa lagune,1987,0, ,12.37550933,45.47187121,-9999,69672.09297,1,1,1,1,0,0,(i)(ii)(iii)(iv),Cultural,C,Turkey,Turquie,Europe and North America,Europe et Amérique du nord,tr,tur,0,2,,0,0,58,29.658,35,1,1,1,0,0,0,10,7.03,10,7.03,10,7.03,10,7.03,10,7.03,10,7.03,10,7.03,10,7.03,10,7.03,10,7.03,10,7.03,10,7.03,10,7.03,10,7.03,10,7.03,10,7.03
0101000020E61000002441B8020A6528403FE1ECD632354640,0.1165655,35,46,788,3,Neonian Baptistry,Early Christian Monuments of Ravenna,Monuments paléochrétiens de Ravenne,1996,0, ,12.197342,44.415614,0.01,0.009950784,1,1,1,1,0,0,(i)(ii)(iii)(iv),Cultural,C,Turkey,Turquie,Europe and North America,Europe et Amérique du nord,tr,tur,0,2,,0,-1,88,40.877,36,1,1,1,76.55604081,349.2198326,76.55604081,9.84,0,9.88,0,9.84,0,10,0,10,0,10,0,10,0,10,0,10,0,10,0,10,0,10,0,10,0,10,0,10,0,10,8.64
0101000020E610000034750DE9A60934400A421E6654DF4340,0.2561722,0,0,570,0, ,Butrint,Butrint,1992,1999, ,20.0377031,39.74476315,-9999,397.2370456,0,1,1,0,1,0,(ii)(iii)(v),Cultural,C,Tunisia,Tunisie,Arab States,États arabes,tn,tun,0,2,,190.19,6,52,20.088,1,1,1,1,968.3177089,8476.570679,968.3177089,5.91,5.99,5.91,5.99,5.91,5.99,6.5,6.27,6.06,6.06,6.11,6.08,6.06,6.06,7.04,6.52,6.5,6.27,6.6,6.31,6.65,6.33,8.36,7.15,7.38,6.68,7.97,6.96,8.65,7.29,9.56,8.17
0101000020E610000084FF51F4F07C08408A4C4C597E644240,0,1,1,565,0, ,Kasbah of Algiers,Casbah d'Alger,1992,0, ,3.061006459,36.78510586,60,53.18381346,0,1,1,0,0,1,(ii)(iii)(vi),Cultural,C,Tunisia,Tunisie,Arab States,États arabes,tn,tun,0,3,,0,13,22,16,2,1,1,1,330.7822128,411.3906401,330.7822128,3.96,7.33,4,7.33,3.96,7.33,4.45,7.33,4.12,7.33,4.16,7.33,4.12,7.33,4.95,7.33,4.49,7.33,4.62,7.33,4.62,7.33,6.1,7.33,5.24,7.33,5.77,7.33,6.23,7.33,6.23,7.33
0101000020E6100000BBCFF1D1E26C04403D4EC92094494240,0,2,2,193,3,Mausoleum Kbor er Roumia,Tipasa,Tipasa,1982,0,P 2002-2006,2.553167,36.57483301,7.83,7.838825917,0,1,1,0,0,1,(ii)(iii)(vi),Cultural,C,Tunisia,Tunisie,Arab States,États arabes,tn,tun,0,3,,0,34,40,36.444,3,1,1,1,542.7373355,622.0959475,542.7373355,3.99,7.3,4.03,7.3,3.99,7.3,4.51,7.3,4.15,7.3,4.23,7.3,4.19,7.3,4.95,7.3,4.51,7.3,4.63,7.3,4.63,7.3,6.07,7.3,5.27,7.3,5.79,7.3,6.23,7.3,6.35,7.3
0101000020E61000007A090E6279A903403AC3DC07034C4240,0,3,3,193,2,Tipasa: Parc archaéologique est,Tipasa,Tipasa,1982,0,P 2002-2006,2.457751051,36.59384249,16.58,17.90961011,0,1,1,0,0,1,(ii)(iii)(vi),Cultural,C,Tunisia,Tunisie,Arab States,États arabes,tn,tun,0,2,,0,21,37,24,4,1,1,1,419.5615012,469.6924303,419.5615012,3.99,7.3,4.03,7.3,3.99,7.3,4.51,7.3,4.15,7.3,4.23,7.3,4.19,7.3,4.95,7.3,4.51,7.3,4.63,7.3,4.63,7.3,6.07,7.3,5.27,7.3,5.79,7.3,6.23,7.3,6.35,7.3
0101000020E6100000BFB6CA88158A03406471A4D8F64B4240,0,4,4,193,1,Tipasa: Parc archaéologique ouest,Tipasa,Tipasa,1982,0,P 2002-2006,2.442423886,36.59347065,27.75,28.48361161,0,1,1,0,0,1,(ii)(iii)(vi),Cultural,C,Tunisia,Tunisie,Arab States,États arabes,tn,tun,0,2,,0,35,51,47,5,1,1,1,581.0770449,648.0369213,581.0770449,3.99,7.3,4.03,7.3,3.99,7.3,4.51,7.3,4.15,7.3,4.23,7.3,4.19,7.3,4.95,7.3,4.51,7.3,4.63,7.3,4.63,7.3,6.07,7.3,5.27,7.3,5.79,7.3,6.23,7.3,6.35,7.3
0101000020E61000005F36AE3DBB2F2B40D640CABA459D4640,1,5,5,809,0, ,Episcopal Complex of the Euphrasian Basilica in the Historic Centre of Pore?,Ensemble épiscopal de la basilique euphrasienne dans le centre historique de Pore?,1997,0, ,13.59322541,45.22869048,1.1,1.149586797,0,1,1,0,0,1,(ii)(iii)(vi),Cultural,C,Tunisia,Tunisie,Arab States,États arabes,tn,tun,0,2,3,0,0,8,5,6,1,1,1,2.491553827,64.65326007,2.491553827,6.29,6.3,6.29,6.3,6.29,6.3,6.41,6.3,6.41,6.3,6.41,6.3,6.37,6.3,6.41,6.3,6.41,6.3,6.41,6.3,6.41,6.3,6.41,6.3,6.41,6.3,6.41,6.3,6.41,6.3,6.5,6.3
0101000020E610000087B08EA16B703040B0ADC00C1DC14540,1,6,6,97,0, ,Historical Complex of Split with the Palace of Diocletian,Noyau historique de Split avec le palais de Dioclétien,1979,0, ,16.43914232,43.50869903,20.8,20.66201767,0,1,1,0,0,1,(ii)(iii)(vi),Cultural,C,Tunisia,Tunisie,Arab States,États arabes,tn,tun,0,3,,0,6,10,6.8571,7,1,1,1,303.3503848,425.011947,303.3503848,5.96,6.59,5.96,6.59,5.96,6.59,6.53,6.59,6.06,6.59,6.1,6.59,6.06,6.59,6.95,6.59,6.34,6.59,6.48,6.59,6.48,6.59,7.96,6.59,7,6.59,7.47,6.59,7.96,6.59,8.35,6.59
0101000020E61000002E43B14FDF1D3240960AC77FC3504540,0.7287032,7,7,95,2,Lokrum Island,Old City of Dubrovnik,Vieille ville de Dubrovnik,1979,1994,P 1991-1998,18.11668871,42.63096616,72,68.09909378,0,1,1,0,0,1,(ii)(iii)(vi),Cultural,C,Tunisia,Tunisie,Arab States,États arabes,tn,tun,0,2,3,0,0,25,7.6667,8,1,1,1,0,77.9835574,0,4.91,6.59,4.95,6.59,4.91,6.59,5.43,6.59,5.07,6.59,5.07,6.59,5.07,6.59,5.8,6.59,5.35,6.59,5.47,6.59,5.47,6.59,6.84,6.59,6.08,6.59,6.52,6.59,6.85,6.59,6.87,6.59
0101000020E6100000B19F498BC81B32408E62B1340D524540,0,8,10,95,1,Old City of Dubrovnik,Old City of Dubrovnik,Vieille ville de Dubrovnik,1979,1994,P 1991-1998,18.10852881,42.64102801,24.7,23.45091738,0,1,1,0,0,1,(ii)(iii)(vi),Cultural,C,Tunisia,Tunisie,Arab States,États arabes,tn,tun,0,3,,0,44,46,45,9,1,1,1,355.4008193,543.91029,355.4008193,4.91,6.59,4.95,6.59,4.91,6.59,5.43,6.59,5.07,6.59,5.07,6.59,5.07,6.59,5.8,6.59,5.35,6.59,5.47,6.59,5.47,6.59,6.84,6.59,6.08,6.59,6.52,6.59,6.85,6.59,6.87,6.59
0101000020E6100000416C237DDE3F3040A6AEA51519C24540,0.8798554,9,8,810,0, ,Historic City of Trogir,Ville historique de Trogir,1997,0, ,16.24948866,43.51639052,6.4,6.571156387,0,1,1,0,0,1,(ii)(iii)(vi),Cultural,C,Tunisia,Tunisie,Arab States,États arabes,tn,tun,0,3,,0,3,12,5.9091,10,1,1,1,373.7321655,318.5431941,373.7321655,6.77,6.59,6.77,6.59,6.77,6.59,7.34,6.59,6.87,6.59,6.91,6.59,6.87,6.59,7.76,6.59,7.15,6.59,7.29,6.59,7.29,6.59,8.78,6.59,7.81,6.59,8.28,6.59,8.8,6.59,10,6.59
0101000020E61000005F5B81193AC72F40B5C95D5B2ADE4540,0,10,9,963,0, ,The Cathedral of St James in ibenik,Cathédrale Saint-Jacques de ibenik,2000,0, ,15.88911514,43.73566763,0.1,0.083057799,0,1,1,0,0,1,(ii)(iii)(vi),Cultural,C,Tunisia,Tunisie,Arab States,États arabes,tn,tun,0,3,,0,26,36,32.333,11,1,1,1,102.7319633,246.8690729,102.7319633,8.28,5.37,8.28,5.37,8.28,5.37,8.8,5.53,8.4,5.41,8.44,5.42,8.4,5.41,9.2,5.65,8.68,5.49,8.8,5.53,8.8,5.53,10,5.94,9.36,5.69,9.8,5.82,10,5.96,10,6.5
0101000020E61000006E28842757A23040FC67171D5A974540,1,11,11,1240,0, ,Stari Grad Plain,Plaine de Stari Grad,2008,0, ,16.63414237,43.18243755,1376.53,1097.865805,0,1,1,0,0,1,(ii)(iii)(vi),Cultural,C,Tunisia,Tunisie,Arab States,États arabes,tn,tun,0,2,3,0,0,8,4.7105,12,1,1,1,0,0,0,0,4.05,0,4.07,0,4.05,0,4.2,0,4.1,0,4.11,0,4.1,0,4.31,0,4.19,0,4.21,0,4.21,0,4.61,0,4.38,0,4.51,0,4.67,0,5.32
0101000020E6100000D95BCAF962494040AAB727C4B35A4140,1,12,12,79,3,"Aphrodite's Sanctuary (""Palaepaphos"")",Paphos,Paphos,1980,0, ,32.573333,34.70861103,22.9227,22.96583901,0,1,1,0,0,1,(ii)(iii)(vi),Cultural,C,Tunisia,Tunisie,Arab States,États arabes,tn,tun,0,3,,0,4,6,5.3333,13,1,1,1,39.47322439,0,39.47322439,4.05,8.48,4.09,8.48,4.05,8.48,4.57,8.48,4.21,8.48,4.25,8.48,4.25,8.48,5.06,8.48,4.62,8.48,4.74,8.48,4.74,8.48,6.2,8.48,5.47,8.48,6,8.48,6.61,8.48,6.7,8.48
0101000020E6100000E39AD05EDC33404099ABD50D4A634140,0.212403,13,13,79,2,Kato Paphos necropolis,Paphos,Paphos,1980,0, ,32.40516267,34.77569745,32.6883,32.69540898,0,1,1,0,0,1,(ii)(iii)(vi),Cultural,C,Tunisia,Tunisie,Arab States,États arabes,tn,tun,0,2,3,0,-3,59,28.079,14,1,1,1,0,0,0,4.05,8.48,4.09,8.48,4.05,8.48,4.57,8.48,4.21,8.48,4.25,8.48,4.25,8.48,5.06,8.48,4.62,8.48,4.74,8.48,4.74,8.48,6.2,8.48,5.47,8.48,6,8.48,6.61,8.48,6.7,8.48
0101000020E6100000114BD24E30344040FA39EC5B39614140,0,14,14,79,1,"Aphrodite's Sacred City, Kato Paphos",Paphos,Paphos,1980,0, ,32.40772424,34.75956296,106.4061,105.8940958,0,0,1,0,0,1,(iii)(vi),Cultural,C,Cyprus,Chypre,Europe and North America,Europe et Amérique du nord,cy,cyp,0,3,,0,51,93,77.879,15,0,0,0,1630.48662,1083.484918,1630.48662,4.05,8.48,4.09,8.48,4.05,8.48,4.57,8.48,4.21,8.48,4.25,8.48,4.25,8.48,5.06,8.48,4.62,8.48,4.74,8.48,4.74,8.48,6.2,8.48,5.47,8.48,6,8.48,6.61,8.48,6.7,8.48
0101000020E6100000873C70386D8412402D5AA1C4BED64540,0.4175867,15,22,164,0, ,"Arles, Roman and Romanesque Monuments","Arles, monuments romains et romans",1981,0, ,4.629322893,43.67769678,65,64.38296539,0,0,1,0,0,1,(iii)(vi),Cultural,C,Cyprus,Chypre,Europe and North America,Europe et Amérique du nord,cy,cyp,0,3,,0,0,22,9.5319,16,0,1,1,0,0,0,0,0,0,0,0,0,0,0,0,0,0,0,0,0,0,0,0,0,0,0,0,0,0,0,0,0,0,0,0,0,1.01,5.62
0101000020E61000007B7D73A0033A3C4027B38BB3B3384240,0.6601337,16,24,493,0, ,Medieval City of Rhodes,Ville médiévale de Rhodes,1988,0, ,28.22661784,36.44298405,65.85,54.47099017,0,0,1,0,0,1,(iii)(vi),Cultural,C,Cyprus,Chypre,Europe and North America,Europe et Amérique du nord,cy,cyp,0,3,,0,0,24,8.4106,17,1,1,1,0,0,0,0,6.55,0,6.55,0,6.55,0,6.55,0,6.55,0,6.55,0,6.55,0,6.55,0,6.55,0,6.55,0,6.55,0,6.55,0,6.55,0,6.55,0,6.55,0,6.58
0101000020E6100000540AB24C5C4539400992D2C757B24240,0.1906203,17,25,530,0, ,Delos,Délos,1990,0, ,25.27093963,37.39330385,350.64,344.7367669,1,0,1,1,0,0,(i)(iii)(iv),Cultural,C,Croatia,Croatie,Europe and North America,Europe et Amérique du nord,hr,hrv,0,2,,0,-4,82,26.89,18,1,1,0,0,0,0,3.66,7.33,3.66,7.33,3.66,7.33,4.14,7.33,3.66,7.33,3.7,7.33,3.66,7.33,4.42,7.33,3.7,7.33,3.82,7.33,3.82,7.33,5.18,7.33,3.74,7.33,4.18,7.33,4.78,7.33,6.46,7.33
0101000020E61000005547F19EC1E33A408853BD67EAD64240,0.3763589,18,26,595,2,Heraion of Samos,Pythagoreion and Heraion of Samos,Pythagoreion et Heraion de Samos,1992,0, ,26.88967317,37.67902848,382.45,356.1039788,1,0,1,1,0,0,(i)(iii)(iv),Cultural,C,Croatia,Croatie,Europe and North America,Europe et Amérique du nord,hr,hrv,0,2,,53.7,0,37,10.625,19,1,1,1,0,0,0,3.82,9.43,3.82,9.43,3.82,9.43,4.32,9.43,3.94,9.43,3.94,9.43,3.94,9.43,4.74,9.43,4.24,9.43,4.32,9.43,4.36,9.43,5.84,9.43,4.87,9.43,5.38,9.43,6.01,9.43,6.98,9.43
0101000020E6100000DAF1D3761BEF3A406043EC2322D94240,0.265859,19,28,595,1,Pythagoreion of Samos,Pythagoreion and Heraion of Samos,Pythagoreion et Heraion de Samos,1992,0, ,26.93401282,37.69635438,285.9,246.7956705,1,1,1,1,0,0,(i)(ii)(iii)(iv),Cultural,C,Montenegro,Monténégro,Europe and North America,Europe et Amérique du nord,me,mne,0,1,2,36491,-10,1374,358.69,20,1,1,0,0,0,0,3.82,9.43,3.82,9.43,3.82,9.43,4.32,9.43,3.94,9.43,3.94,9.43,3.94,9.43,4.74,9.43,4.24,9.43,4.32,9.43,4.36,9.43,5.84,9.43,4.87,9.43,5.38,9.43,6.01,9.43,6.98,9.43
0101000020E61000006EAF9A2134EC33407C2BF104EBCF4340,0.7383972,20,27,978,0, ,Old Town of Corfu,Vieille ville de Corfou,2007,0, ,19.92267046,39.62435972,70,64.42864378,0,1,1,1,0,0,(ii)(iii)(iv),Cultural,C,Croatia,Croatie,Europe and North America,Europe et Amérique du nord,hr,hrv,0,2,,0,-3,16,5.0556,21,1,1,1,0,0,0,3.64,6.62,3.64,6.62,3.64,6.62,4.12,6.62,3.76,6.62,3.8,6.62,3.76,6.62,4.57,6.62,4.12,6.62,4.2,6.62,4.24,6.62,5.66,6.62,4.85,6.62,5.34,6.62,5.9,6.62,6.2,6.62
0101000020E61000009010E50B5A7E4140DD0BCC0A45684040,0.0852417,21,31,1220,1,North Slope of the Mount Carmel (Carmel North),Bahái Holy Places in Haifa and the Western Galilee,Lieux saints baháis à Haïfa et en Galilée occidentale,2008,0, ,34.987123,32.814607,-9999,3.146231248,1,0,0,0,0,1,(i)(vi),Cultural,C,Malta,Malte,Europe and North America,Europe et Amérique du nord,mt,mlt,0,2,,0,0,68,40.13,22,1,1,1,0,0,0,3.93,8.7,3.93,8.7,3.89,8.7,4.41,8.7,4.05,8.7,4.09,8.7,4.09,8.7,4.89,8.7,4.41,8.7,4.53,8.7,4.57,8.7,6.01,8.7,5.21,8.7,5.73,8.7,6.01,8.7,6.01,8.7
0101000020E61000007FA31D37FC7E4140747B4963B4684040,0.2230632,22,32,1220,2,Persian Quarter (Carmel North),Bahái Holy Places in Haifa and the Western Galilee,Lieux saints baháis à Haïfa et en Galilée occidentale,2008,0, ,34.992072,32.818005,-9999,3.146228968,0,1,0,1,0,0,(ii)(iv),Cultural,C,France,France,Europe and North America,Europe et Amérique du nord,fr,fra,0,2,,0,2,29,15.194,23,1,1,1,25700.40485,23654.82347,25700.40485,3.93,8.7,3.93,8.7,3.89,8.7,4.41,8.7,4.05,8.7,4.09,8.7,4.09,8.7,4.89,8.7,4.41,8.7,4.53,8.7,4.57,8.7,6.01,8.7,5.21,8.7,5.73,8.7,6.01,8.7,6.01,8.7
0101000020E6100000BDC96FD1C97C4140F17D71A94A694040,0.3372363,23,33,1220,3,Place of Revelation (Carmel West),Bahái Holy Places in Haifa and the Western Galilee,Lieux saints baháis à Haïfa et en Galilée occidentale,2008,0, ,34.974909,32.822591,-9999,3.146225891,1,1,1,0,0,0,(i)(ii)(iii),Cultural,C,Libya,Libye,Arab States,États arabes,ly,lby,0,3,,-9999,0,30,12.824,24,1,1,0,0,27.04842146,0,3.93,8.7,3.93,8.7,3.89,8.7,4.41,8.7,4.05,8.7,4.09,8.7,4.09,8.7,4.89,8.7,4.41,8.7,4.53,8.7,4.57,8.7,6.01,8.7,5.21,8.7,5.73,8.7,6.01,8.7,6.01,8.7
0101000020E6100000BD8F611D607C4140180CE8642D6A4040,0.4575724,24,34,1220,4,Bahai Cementary (Carmel West),Bahái Holy Places in Haifa and the Western Galilee,Lieux saints baháis à Haïfa et en Galilée occidentale,2008,0, ,34.97168319,32.82951032,-9999,0.644632634,0,0,1,0,0,0,(iii),Cultural,C,Libya,Libye,Arab States,États arabes,ly,lby,0,3,,-9999,1,16,10.694,25,1,1,0,0,9.030832107,0,3.93,8.7,3.93,8.7,3.89,8.7,4.41,8.7,4.05,8.7,4.09,8.7,4.09,8.7,4.89,8.7,4.41,8.7,4.53,8.7,4.57,8.7,6.01,8.7,5.21,8.7,5.73,8.7,6.01,8.7,6.01,8.7
0101000020E6100000C4388784D28B41408F79B2D5C4784040,0,25,35,1220,5,Bahji,Bahái Holy Places in Haifa and the Western Galilee,Lieux saints baháis à Haïfa et en Galilée occidentale,2008,0, ,35.09236199,32.94350692,-9999,15.15301872,0,0,1,1,0,0,(iii)(iv),Cultural,C,Algeria,Algérie,Arab States,États arabes,dz,dza,1,3,,0,216,263,247,26,0,0,0,1743.489493,1733.879706,1743.489493,3.93,8.7,3.93,8.7,3.89,8.7,4.41,8.7,4.05,8.7,4.09,8.7,4.09,8.7,4.89,8.7,4.41,8.7,4.53,8.7,4.57,8.7,6.01,8.7,5.21,8.7,5.73,8.7,6.01,8.7,6.01,8.7
0101000020E6100000FC1D06CAD8884140CB4AB46039764040,0.2245171,26,36,1220,6,the Prison (Old Acre Sites),Bahái Holy Places in Haifa and the Western Galilee,Lieux saints baháis à Haïfa et en Galilée occidentale,2008,0, ,35.06911588,32.92362603,-9999,0.090810895,0,0,1,1,0,0,(iii)(iv),Cultural,C,Algeria,Algérie,Arab States,États arabes,dz,dza,1,3,,0,-1,29,17.375,27,1,1,1,0,0,0,3.93,8.7,3.93,8.7,3.89,8.7,4.41,8.7,4.05,8.7,4.09,8.7,4.09,8.7,4.89,8.7,4.41,8.7,4.53,8.7,4.57,8.7,6.01,8.7,5.21,8.7,5.73,8.7,6.01,8.7,6.01,8.7
0101000020E61000002C69FFE29D88414006666414F4754040,0.1575766,27,37,1220,7,House of Abbud (Old Acre Sites),Bahái Holy Places in Haifa and the Western Galilee,Lieux saints baháis à Haïfa et en Galilée occidentale,2008,0, ,35.06731832,32.92151122,-9999,0.06614326,0,0,1,1,0,0,(iii)(iv),Cultural,C,Algeria,Algérie,Arab States,États arabes,dz,dza,1,3,,0,-3,27,15.372,28,1,1,1,0,0,0,3.93,8.7,3.93,8.7,3.89,8.7,4.41,8.7,4.05,8.7,4.09,8.7,4.09,8.7,4.89,8.7,4.41,8.7,4.53,8.7,4.57,8.7,6.01,8.7,5.21,8.7,5.73,8.7,6.01,8.7,6.01,8.7
0101000020E6100000DF76572CB4884140A15A33E83A764040,0.3026324,28,38,1220,8,House of Abdu'llah Pasha (Old Acre Sites),Bahái Holy Places in Haifa and the Western Galilee,Lieux saints baháis à Haïfa et en Galilée occidentale,2008,0, ,35.06799845,32.9236727,-9999,0.898810712,0,0,1,1,0,1,(iii)(iv)(vi),Cultural,C,Lebanon,Liban,Arab States,États arabes,lb,lbn,0,3,,-9999,0,26,11.933,29,0,1,1,0,0,0,3.93,8.7,3.93,8.7,3.89,8.7,4.41,8.7,4.05,8.7,4.09,8.7,4.09,8.7,4.89,8.7,4.41,8.7,4.53,8.7,4.57,8.7,6.01,8.7,5.21,8.7,5.73,8.7,6.01,8.7,6.01,8.7
0101000020E6100000552BFAE0888B4140988E94884B754040,0.7321238,29,39,1220,9,Ridv'an Garden,Bahái Holy Places in Haifa and the Western Galilee,Lieux saints baháis à Haïfa et en Galilée occidentale,2008,0, ,35.09011471,32.9163676,-9999,9.535642971,0,0,1,0,0,1,(iii)(vi),Cultural,C,Lebanon,Liban,Arab States,États arabes,lb,lbn,0,2,3,0,-2,25,8.662393,30,1,1,1,0,0,0,3.93,8.7,3.93,8.7,3.89,8.7,4.41,8.7,4.05,8.7,4.09,8.7,4.09,8.7,4.89,8.7,4.41,8.7,4.53,8.7,4.57,8.7,6.01,8.7,5.21,8.7,5.73,8.7,6.01,8.7,6.01,8.7
0101000020E610000083D38A88C58C41403C337F545C7E4040,1,30,40,1220,10,Mansion of Mazra'ih,Bahái Holy Places in Haifa and the Western Galilee,Lieux saints baháis à Haïfa et en Galilée occidentale,2008,0, ,35.09977824,32.98719269,-9999,4.427923823,0,0,1,0,0,0,(iii),Cultural,C,Tunisia,Tunisie,Arab States,États arabes,tn,tun,0,3,,0,0,6,4.8,31,0,0,0,0,108.3862766,0,3.93,8.7,3.93,8.7,3.89,8.7,4.41,8.7,4.05,8.7,4.09,8.7,4.09,8.7,4.89,8.7,4.41,8.7,4.53,8.7,4.57,8.7,6.01,8.7,5.21,8.7,5.73,8.7,6.01,8.7,6.01,8.7
0101000020E610000017A1B7FC308C4140C03CC7F4427F4040,0,31,41,1220,11,Junayn,Bahái Holy Places in Haifa and the Western Galilee,Lieux saints baháis à Haïfa et en Galilée occidentale,2008,0, ,35.09524497,32.99423084,-9999,0.939546645,0,0,1,0,0,0,(iii),Cultural,C,Tunisia,Tunisie,Arab States,États arabes,tn,tun,0,3,,0,19,23,19,32,1,0,0,827.4044731,1051.018539,827.4044731,3.93,8.7,3.93,8.7,3.89,8.7,4.41,8.7,4.05,8.7,4.09,8.7,4.09,8.7,4.89,8.7,4.41,8.7,4.53,8.7,4.57,8.7,6.01,8.7,5.21,8.7,5.73,8.7,6.01,8.7,6.01,8.7
0101000020E610000066FD0338FF884140407F468E19764040,0,32,42,1042,0, ,Old City of Acre,Vieille ville dAcre,2001,0, ,35.07028866,32.9226549,63.3,44.70375724,1,1,1,1,0,0,(i)(ii)(iii)(iv),Cultural,C,Turkey,Turquie,Europe and North America,Europe et Amérique du nord,tr,tur,0,2,,0,16,52,39.125,33,1,1,1,339.8222776,96.17236133,339.8222776,4.96,8.64,4.96,8.64,4.92,8.64,5.44,8.64,5.08,8.64,5.12,8.64,5.12,8.64,5.92,8.64,5.44,8.64,5.56,8.64,5.6,8.64,7.05,8.64,6.24,8.64,6.76,8.64,7.05,8.64,7.11,8.64
0101000020E61000000F991330116341401ED6443474094040,0,33,43,1096,0, ,White City of Tel-Aviv -- the Modern Movement,Ville blanche de Tel-Aviv  le mouvement moderne,2003,0, ,34.77396203,32.07385877,140.4,272.0858327,1,1,1,1,0,0,(i)(ii)(iii)(iv),Cultural,C,Turkey,Turquie,Europe and North America,Europe et Amérique du nord,tr,tur,0,2,,0,14,65,47.571,34,1,1,1,165.7704438,0,165.7704438,0,8.07,0,8.07,0,8.07,0,8.12,0,8.08,0,8.09,0,8.09,0,8.16,0,8.12,0,8.13,0,8.13,0,8.27,0,8.19,0,8.24,0,8.3,0,8.53
0101000020E610000032AC45B8876428407C7FA404D4354640,0.9997231,36,49,788,2,Church of St. Vitale,Early Christian Monuments of Ravenna,Monuments paléochrétiens de Ravenne,1996,0, ,12.19634796,44.42053278,0.14,0.174261399,1,1,1,1,1,1,(i)(ii)(iii)(iv)(v)(vi),Cultural,C,Italy,Italie,Europe and North America,Europe et Amérique du nord,it,ita,0,1,2,0,-20,20,-0.62431,37,1,1,1,0,0,0,9.84,0,9.88,0,9.84,0,10,0,10,0,10,0,10,0,10,0,10,0,10,0,10,0,10,0,10,0,10,0,10,0,10,8.64
0101000020E6100000991A3604A6672840B87F3C2698354640,1,37,103,788,6,Arian Baptistry,Early Christian Monuments of Ravenna,Monuments paléochrétiens de Ravenne,1996,0, ,12.20243848,44.41870573,0.008,0.007960624,1,1,1,1,0,0,(i)(ii)(iii)(iv),Cultural,C,Italy,Italie,Europe and North America,Europe et Amérique du nord,it,ita,0,4,,3.02,4,4,4,38,1,1,1,8474.368655,8685.868938,8474.368655,9.84,0,9.88,0,9.84,0,10,0,10,0,10,0,10,0,10,0,10,0,10,0,10,0,10,0,10,0,10,0,10,0,10,8.64
0101000020E6100000AA09C3FCEC682840EAFFC12C59354640,1,38,105,788,5,Basilica of St. Apollinaire Nuovo,Early Christian Monuments of Ravenna,Monuments paléochrétiens de Ravenne,1996,0, ,12.20493307,44.4167839,0.17,0.181851398,1,1,1,1,0,0,(i)(ii)(iii)(iv),Cultural,C,Italy,Italie,Europe and North America,Europe et Amérique du nord,it,ita,0,4,,4.5,6,6,6,39,1,1,1,8282.902143,8477.572878,8282.902143,9.84,0,9.88,0,9.84,0,10,0,10,0,10,0,10,0,10,0,10,0,10,0,10,0,10,0,10,0,10,0,10,0,10,8.64
0101000020E61000000890A1630765284059880E8123354640,1,39,106,788,4,Archiepiscopal Chapel,Early Christian Monuments of Ravenna,Monuments paléochrétiens de Ravenne,1996,0, ,12.197322,44.415146,0.002,0.001990531,1,1,1,1,0,0,(i)(ii)(iii)(iv),Cultural,C,Italy,Italie,Europe and North America,Europe et Amérique du nord,it,ita,0,4,,21.6,1,5,2.4211,40,1,1,1,7237.306084,7423.572437,7237.306084,9.84,0,9.88,0,9.84,0,10,0,10,0,10,0,10,0,10,0,10,0,10,0,10,0,10,0,10,0,10,0,10,0,10,8.64
0101000020E61000007B6D7001EC642840C8D13D67E2354640,1,40,107,788,1,Mausoleum of Galla Placida,Early Christian Monuments of Ravenna,Monuments paléochrétiens de Ravenne,1996,0, ,12.19711308,44.42097178,0.01,0.016852163,1,1,1,1,0,0,(i)(ii)(iii)(iv),Cultural,C,Italy,Italie,Europe and North America,Europe et Amérique du nord,it,ita,0,4,,33.14,-5,1,1,41,1,1,1,6659.974662,6411.471258,6659.974662,9.84,0,9.88,0,9.84,0,10,0,10,0,10,0,10,0,10,0,10,0,10,0,10,0,10,0,10,0,10,0,10,0,10,8.64
0101000020E6100000D658C2DA186B2840E910381268364640,1,41,109,788,7,Mausoleum of Theodoric,Early Christian Monuments of Ravenna,Monuments paléochrétiens de Ravenne,1996,0, ,12.209174,44.425051,0.014,0.013931065,0,1,1,1,0,0,(ii)(iii)(iv),Cultural,C,Croatia,Croatie,Europe and North America,Europe et Amérique du nord,hr,hrv,0,2,,0,-3,7,7,42,1,1,1,0,66.59199153,0,9.84,0,9.88,0,9.84,0,10,0,10,0,10,0,10,0,10,0,10,0,10,0,10,0,10,0,10,0,10,0,10,0,10,8.64
0101000020E61000006779A21442772840760DA78AB1304640,1,42,110,788,8,Basilica of St. Apollinare in Classe,Early Christian Monuments of Ravenna,Monuments paléochrétiens de Ravenne,1996,0, ,12.23292603,44.38041814,0.96,0.965933744,0,1,0,1,0,0,(ii)(iv),Cultural,C,Croatia,Croatie,Europe and North America,Europe et Amérique du nord,hr,hrv,0,2,,4.8,-2,5,1.9,43,1,1,1,52.98221381,0,0,9.84,0,9.88,0,9.84,0,10,0,10,0,10,0,10,0,10,0,10,0,10,0,10,0,10,0,10,0,10,0,10,0,10,8.64
0101000020E61000005665DF15C1BB2A40761BB37002E34640,0.8661017,43,57,825,0, ,Archaeological Area and the Patriarchal Basilica of Aquileia,Zone archéologique et la basilique patriarcale dAquilée,1998,0, ,13.3667075,45.77351197,155.3,131.2020483,1,1,0,1,0,1,(i)(ii)(iv)(vi),Cultural,C,Italy,Italie,Europe and North America,Europe et Amérique du nord,it,ita,0,2,,254,2,14,7.6471,44,1,1,1,9136.32983,7458.956936,9136.32983,10,0,10,0,10,0,10,0,10,0,10,0,10,0,10,0,10,0,10,0,10,0,10,0,10,0,10,0,10,0,10,7.15
0101000020E6100000CCE7E45EC3C02E4006E2E953162A4440,0,44,58,842,1,"Paestum, Velia, the Certosa di Padula, Mount Cervati and the Vallo di Diano","Cilento and Vallo di Diano National Park with the Archeological Sites of Paestum and Velia, and the Certosa di Padula","Parc national du Cilento et du Vallo Diano, avec les sites archéologiques de Paestum et Velia et la Chartreuse de Padula",1998,0, ,15.37649056,40.32880639,1371,137168.0615,0,1,1,0,0,0,(ii)(iii),Cultural,C,Turkey,Turquie,Europe and North America,Europe et Amérique du nord,tr,tur,0,3,,0,19,27,20.571,45,0,0,0,7199.390526,7756.050997,7199.390526,3.77,8.52,3.81,8.52,3.77,8.52,4.29,8.52,3.93,8.52,3.97,8.52,3.93,8.52,4.73,8.52,4.25,8.52,4.37,8.52,4.41,8.52,5.81,8.52,5.05,8.52,5.53,8.52,6.01,8.52,6.02,8.52
0101000020E61000002843FA9232022E405834DFB95E214440,0.4031791,45,59,842,2,Punta Licosa and the Mount Stella region,"Cilento and Vallo di Diano National Park with the Archeological Sites of Paestum and Velia, and the Certosa di Padula","Parc national du Cilento et du Vallo Diano, avec les sites archéologiques de Paestum et Velia et la Chartreuse de Padula",1998,0, ,15.0042921,40.26070331,111.29,10087.10425,0,1,1,0,0,0,(ii)(iii),Cultural,C,Turkey,Turquie,Europe and North America,Europe et Amérique du nord,tr,tur,0,3,,29,3,83,25.605,46,0,0,0,3156.242768,3666.287338,3156.242768,3.77,8.52,3.81,8.52,3.77,8.52,4.29,8.52,3.93,8.52,3.97,8.52,3.93,8.52,4.73,8.52,4.25,8.52,4.37,8.52,4.41,8.52,5.81,8.52,5.05,8.52,5.53,8.52,6.01,8.52,6.02,8.52
0101000020E61000004A55457E1EC12E4001EA7A60CF094440,0,46,60,842,3,"Capo Palinuro, Punta d. Infreschi and the Mount Bulgheria region","Cilento and Vallo di Diano National Park with the Archeological Sites of Paestum and Velia, and the Certosa di Padula","Parc national du Cilento et du Vallo Diano, avec les sites archéologiques de Paestum et Velia et la Chartreuse de Padula",1998,0, ,15.37718577,40.07664114,126.41,10176.7738,0,1,1,0,0,0,(ii)(iii),Cultural,C,Turkey,Turquie,Europe and North America,Europe et Amérique du nord,tr,tur,0,3,,34.4,16,110,62.585,47,0,0,0,7361.513109,7916.411418,7361.513109,3.77,8.52,3.81,8.52,3.77,8.52,4.29,8.52,3.93,8.52,3.97,8.52,3.93,8.52,4.73,8.52,4.25,8.52,4.37,8.52,4.41,8.52,5.81,8.52,5.05,8.52,5.53,8.52,6.01,8.52,6.02,8.52
0101000020E61000006F861BF0F9B12C401630815B77674440,0.082738,47,61,829,5,Theatre of Herculaneum,"Archaeological Areas of Pompei, Herculaneum and Torre Annunziata","Zones archéologiques de Pompéi, Herculanum et Torre Annunziata",1997,0, ,14.34761,40.80833,0.17,0.169305809,0,1,0,1,1,0,(ii)(iv)(v),Cultural,C,Greece,Grèce,Europe and North America,Europe et Amérique du nord,gr,grc,0,2,,0,4,37,21.756,48,1,1,1,19.24499507,167.8169246,19.24499507,0,3.7,0,3.71,0,3.7,0,3.79,0,3.73,0,3.74,0,3.73,0,3.86,0,3.79,0,3.8,0,3.81,0,4.05,0,3.91,0,3.99,0,4.1,0,4.38
0101000020E610000044A33B889DE92C40374F75C8CD604440,0.0872361,48,64,829,7,Torre Annuziata: Villa B,"Archaeological Areas of Pompei, Herculaneum and Torre Annunziata","Zones archéologiques de Pompéi, Herculanum et Torre Annunziata",1997,0, ,14.45628,40.75628,0.55,0.54884123,0,1,0,0,1,0,(ii)(v),Cultural,C,Algeria,Algérie,Arab States,États arabes,dz,dza,0,2,,0,0,129,54.026,49,1,1,1,0,0,0,0,3.7,0,3.71,0,3.7,0,3.79,0,3.73,0,3.74,0,3.73,0,3.86,0,3.79,0,3.8,0,3.81,0,4.05,0,3.91,0,3.99,0,4.1,0,4.38
0101000020E6100000FBCC599F72F42C40EC61378578604440,0.142152,49,67,829,2,Villa dei Misteri (Pompei),"Archaeological Areas of Pompei, Herculaneum and Torre Annunziata","Zones archéologiques de Pompéi, Herculanum et Torre Annunziata",1997,0, ,14.477437,40.75367799,0.95,0.948711528,0,1,1,0,0,0,(ii)(iii),Cultural,C,Greece,Grèce,Europe and North America,Europe et Amérique du nord,gr,grc,0,3,,402.25,0,226,89.405,50,1,1,1,0,27.65017155,0,0,3.7,0,3.71,0,3.7,0,3.79,0,3.73,0,3.74,0,3.73,0,3.86,0,3.79,0,3.8,0,3.81,0,4.05,0,3.91,0,3.99,0,4.1,0,4.38
0101000020E61000009DF4BEF1B5E72C400C8E9257E7604440,0,50,68,829,6,Torre Annuziata: Villa A,"Archaeological Areas of Pompei, Herculaneum and Torre Annunziata","Zones archéologiques de Pompéi, Herculanum et Torre Annunziata",1997,0, ,14.45256,40.75706,1.15,1.1486459,1,1,0,0,0,0,(i)(ii),Cultural,C,Italy,Italie,Europe and North America,Europe et Amérique du nord,it,ita,0,2,,0,18,18,18,51,1,1,1,52508.42958,53683.84334,52508.42958,0,3.7,0,3.71,0,3.7,0,3.79,0,3.73,0,3.74,0,3.73,0,3.86,0,3.79,0,3.8,0,3.81,0,4.05,0,3.91,0,3.99,0,4.1,0,4.38
0101000020E610000033D59B6A90B02C40668BDE8872674440,0,51,69,829,4,Villa dei Papiri,"Archaeological Areas of Pompei, Herculaneum and Torre Annunziata","Zones archéologiques de Pompéi, Herculanum et Torre Annunziata",1997,0, ,14.34485181,40.80818282,1.22,1.640565132,1,1,0,0,0,0,(i)(ii),Cultural,C,Italy,Italie,Europe and North America,Europe et Amérique du nord,it,ita,0,2,,0,33,35,35,52,1,1,1,45656.47562,45434.19479,45656.47562,0,3.7,0,3.71,0,3.7,0,3.79,0,3.73,0,3.74,0,3.73,0,3.86,0,3.79,0,3.8,0,3.81,0,4.05,0,3.91,0,3.99,0,4.1,0,4.38
0101000020E610000050762B32D7B12C404375EFB813674440,0,52,89,829,3,Heraculaneum,"Archaeological Areas of Pompei, Herculaneum and Torre Annunziata","Zones archéologiques de Pompéi, Herculanum et Torre Annunziata",1997,0, ,14.34734494,40.80528938,9.42,9.015827491,1,1,0,0,0,0,(i)(ii),Cultural,C,Italy,Italie,Europe and North America,Europe et Amérique du nord,it,ita,0,2,,0,21,27,24.316,53,1,1,1,41086.31664,40878.96019,41086.31664,0,3.7,0,3.71,0,3.7,0,3.79,0,3.73,0,3.74,0,3.73,0,3.86,0,3.79,0,3.8,0,3.81,0,4.05,0,3.91,0,3.99,0,4.1,0,4.38
0101000020E61000004484034AD8F92C400B5C608718604440,0.0714707,53,96,829,1,Pompeii,"Archaeological Areas of Pompei, Herculaneum and Torre Annunziata","Zones archéologiques de Pompéi, Herculanum et Torre Annunziata",1997,0, ,14.48797828,40.75074856,84.59,83.65485797,0,1,0,1,0,0,(ii)(iv),Cultural,C,Italy,Italie,Europe and North America,Europe et Amérique du nord,it,ita,0,2,,0,-3,242,66.635,54,1,1,1,0,0,0,0,3.7,0,3.71,0,3.7,0,3.79,0,3.73,0,3.74,0,3.73,0,3.86,0,3.79,0,3.8,0,3.81,0,4.05,0,3.91,0,3.99,0,4.1,0,4.38
0101000020E610000085D0419770F02640936E4BE4829D4640,0.0509003,54,62,712,22,Villa Pisani Montagnana,City of Vicenza and the Palladian Villas of the Veneto,Ville de Vicence et les villas de Palladio en Vénétie,1994,1996, ,11.469609,45.230557,0.21,0.208926528,0,0,1,1,1,0,(iii)(iv)(v),Cultural,C,Tunisia,Tunisie,Arab States,États arabes,tn,tun,0,2,,60.99,5,42,25.085,55,1,1,1,429.3738239,308.5571924,308.5571924,6.25,0,6.25,0,6.25,0,6.25,0,6.25,0,6.25,0,6.25,0,6.26,0,6.25,0,6.25,0,6.25,0,6.26,3.44,6.26,0,6.26,0,6.26,4.06,6.29,6.84
0101000020E61000006C2409C2154027408CA19C6857C94640,0.2227692,55,63,712,13,Villa Thiene Quinto Vicentino,City of Vicenza and the Palladian Villas of the Veneto,Ville de Vicence et les villas de Palladio en Vénétie,1994,1996, ,11.625166,45.57298,0.38,0.378537603,0,1,1,1,0,1,(ii)(iii)(iv)(vi),Cultural,C,Greece,Grèce,Europe and North America,Europe et Amérique du nord,gr,grc,0,3,,0,0,97,26.608,56,0,0,0,0,0,0,6.25,0,6.25,0,6.25,0,6.25,0,6.25,0,6.25,0,6.25,0,6.26,0,6.25,0,6.25,0,6.25,0,6.26,3.44,6.26,0,6.26,0,6.26,4.06,6.29,6.84
0101000020E610000027F73B14052227400589EDEE01A84640,0.6028194,56,65,712,12,Villa Saraceno Agugliaro,City of Vicenza and the Palladian Villas of the Veneto,Ville de Vicence et les villas de Palladio en Vénétie,1994,1996, ,11.566445,45.312559,0.59,0.588207715,0,0,1,0,0,0,(iii),Cultural,C,Albania,Albanie,Europe and North America,Europe et Amérique du nord,al,alb,0,3,,8591,-5,172,20.248,57,0,0,0,338.0922237,402.9451469,338.0922237,6.25,0,6.25,0,6.25,0,6.25,0,6.25,0,6.25,0,6.25,0,6.26,0,6.25,0,6.25,0,6.25,0,6.26,3.44,6.26,0,6.26,0,6.26,4.06,6.29,6.84
0101000020E61000000E17B9A7AB3327405876C1E09AC74640,0.8769239,57,66,712,3,Villa Gazzotti Grimani Bertesina (Vicenza),City of Vicenza and the Palladian Villas of the Veneto,Ville de Vicence et les villas de Palladio en Vénétie,1994,1996, ,11.600919,45.559414,0.9,0.897703959,0,1,1,0,0,0,(ii)(iii),Cultural,C,Greece,Grèce,Europe and North America,Europe et Amérique du nord,gr,grc,0,3,,0,-2,20,5.5958,58,1,1,1,0,0,0,6.25,0,6.25,0,6.25,0,6.25,0,6.25,0,6.25,0,6.25,0,6.26,0,6.25,0,6.25,0,6.25,0,6.26,3.44,6.26,0,6.26,0,6.26,4.06,6.29,6.84
0101000020E6100000E7C3B304191127406D7022FAB5DF4640,0,58,70,712,25,Villa Piovene Lugo Vicentino,City of Vicenza and the Palladian Villas of the Veneto,Ville de Vicence et les villas de Palladio en Vénétie,1994,1996, ,11.533394,45.747741,1.33,1.327090486,1,1,0,0,0,0,(i)(ii),Cultural,C,Italy,Italie,Europe and North America,Europe et Amérique du nord,it,ita,0,2,,0,12,15,12,59,0,0,0,44373.60949,45048.31014,44373.60949,6.25,0,6.25,0,6.25,0,6.25,0,6.25,0,6.25,0,6.25,0,6.26,0,6.25,0,6.25,0,6.25,0,6.26,3.44,6.26,0,6.26,0,6.26,4.06,6.29,6.84
0101000020E610000099C5BC759B47274041A45B86EA834640,0,59,71,712,17,Villa Badoer called Fratta Polesine,City of Vicenza and the Palladian Villas of the Veneto,Ville de Vicence et les villas de Palladio en Vénétie,1994,1996, ,11.63985794,45.03059463,1.41,1.378131032,1,1,0,0,0,0,(i)(ii),Cultural,C,Italy,Italie,Europe and North America,Europe et Amérique du nord,it,ita,0,2,,0,34,36,35,60,1,0,0,46691.58122,46473.39571,46691.58122,6.25,0,6.25,0,6.25,0,6.25,0,6.25,0,6.25,0,6.25,0,6.26,0,6.25,0,6.25,0,6.25,0,6.26,3.44,6.26,0,6.26,0,6.26,4.06,6.29,6.84
0101000020E6100000FEBAD39D27BE26405BD1E638B7AD4640,0,60,72,712,10,Villa Pisani Ferri Bagnolo Maggiore,City of Vicenza and the Palladian Villas of the Veneto,Ville de Vicence et les villas de Palladio en Vénétie,1994,1996, ,11.371396,45.357154,1.6,1.596961572,1,1,0,0,0,0,(i)(ii),Cultural,C,Italy,Italie,Europe and North America,Europe et Amérique du nord,it,ita,0,2,,0,200,227,211.5,61,0,1,0,62409.32369,62164.55888,62409.32369,6.25,0,6.25,0,6.25,0,6.25,0,6.25,0,6.25,0,6.25,0,6.26,0,6.25,0,6.25,0,6.25,0,6.26,3.44,6.26,0,6.26,0,6.26,4.06,6.29,6.84
0101000020E6100000B16F2711E11F2740D354477557D44640,1,61,73,712,8,Villa Forni Cerato Montecchio Precalcino,City of Vicenza and the Palladian Villas of the Veneto,Ville de Vicence et les villas de Palladio en Vénétie,1994,1996, ,11.562264,45.65891901,2.23,2.226209962,1,1,0,0,0,0,(i)(ii),Cultural,C,Italy,Italie,Europe and North America,Europe et Amérique du nord,it,ita,0,2,,0,6,10,8,62,0,1,0,47779.12627,47727.1041,47779.12627,6.25,0,6.25,0,6.25,0,6.25,0,6.25,0,6.25,0,6.25,0,6.26,0,6.25,0,6.25,0,6.25,0,6.26,3.44,6.26,0,6.26,0,6.26,4.06,6.29,6.84
0101000020E6100000651C23D923042740D06C4F77BBCE4640,0,62,74,712,6,Villa Caldogno,City of Vicenza and the Palladian Villas of the Veneto,Ville de Vicence et les villas de Palladio en Vénétie,1994,1996, ,11.508086,45.61509601,2.77,2.765805753,1,1,0,0,0,0,(i)(ii),Cultural,C,Italy,Italie,Europe and North America,Europe et Amérique du nord,it,ita,0,2,,0,26,31,27,63,0,0,0,59958.55248,60356.44231,59958.55248,6.25,0,6.25,0,6.25,0,6.25,0,6.25,0,6.25,0,6.25,0,6.26,0,6.25,0,6.25,0,6.25,0,6.26,3.44,6.26,0,6.26,0,6.26,4.06,6.29,6.84
0101000020E6100000F6F065A208D92540C31889B7EBBF4640,0,63,75,712,24,Villa Serego San Pierto in Cariano,City of Vicenza and the Palladian Villas of the Veneto,Ville de Vicence et les villas de Palladio en Vénétie,1994,1996, ,10.923894,45.49938101,2.78,2.775865875,1,1,0,0,0,0,(i)(ii),Cultural,C,Italy,Italie,Europe and North America,Europe et Amérique du nord,it,ita,0,2,,0,71,77,73.25,64,1,1,0,54675.05262,54445.40327,54675.05262,6.25,0,6.25,0,6.25,0,6.25,0,6.25,0,6.25,0,6.25,0,6.26,0,6.25,0,6.25,0,6.25,0,6.26,3.44,6.26,0,6.26,0,6.26,4.06,6.29,6.84
0101000020E6100000FAEDEBC0392B27409741AD50C1CD4640,0,64,76,712,16,Villa Valmarana Bressan Monticello Conte Otto,City of Vicenza and the Palladian Villas of the Veneto,Ville de Vicence et les villas de Palladio en Vénétie,1994,1996, ,11.584425,45.60746201,3.29,3.285390905,1,1,0,0,0,0,(i)(ii),Cultural,C,Italy,Italie,Europe and North America,Europe et Amérique du nord,it,ita,0,2,,0,51,55,53.8,65,1,1,1,55862.24698,55639.90592,55862.24698,6.25,0,6.25,0,6.25,0,6.25,0,6.25,0,6.25,0,6.25,0,6.26,0,6.25,0,6.25,0,6.25,0,6.26,3.44,6.26,0,6.26,0,6.26,4.06,6.29,6.84
0101000020E6100000FC1D8A027D722740FAC1F163E9E34640,0,65,77,712,5,Villa Angarano Bassano,City of Vicenza and the Palladian Villas of the Veneto,Ville de Vicence et les villas de Palladio en Vénétie,1994,1996, ,11.72361,45.78056001,3.58,3.574967468,1,1,0,0,0,0,(i)(ii),Cultural,C,Italy,Italie,Europe and North America,Europe et Amérique du nord,it,ita,0,2,,0,99,108,104,66,1,1,1,96275.86276,96094.99768,96275.86276,6.25,0,6.25,0,6.25,0,6.25,0,6.25,0,6.25,0,6.25,0,6.26,0,6.25,0,6.25,0,6.25,0,6.26,3.44,6.26,0,6.26,0,6.26,4.06,6.29,6.84
0101000020E61000004791B58652D3264017173F745EB74640,0,66,78,712,14,Villa Trissino Sarego,City of Vicenza and the Palladian Villas of the Veneto,Ville de Vicence et les villas de Palladio en Vénétie,1994,1996, ,11.412739,45.43257001,3.78,3.775119444,1,1,0,0,0,0,(i)(ii),Cultural,C,Italy,Italie,Europe and North America,Europe et Amérique du nord,it,ita,0,2,,0,41,46,44.4,67,1,1,1,50199.84114,49974.70881,50199.84114,6.25,0,6.25,0,6.25,0,6.25,0,6.25,0,6.25,0,6.25,0,6.26,0,6.25,0,6.25,0,6.25,0,6.26,3.44,6.26,0,6.26,0,6.26,4.06,6.29,6.84
0101000020E61000006362F3716D382740A632BDAB3BCA4640,0,67,80,712,15,Villa Valmarana Zen Bolzano Vicentino,City of Vicenza and the Palladian Villas of the Veneto,Ville de Vicence et les villas de Palladio en Vénétie,1994,1996, ,11.61021,45.57994601,4.34,4.33464472,1,1,0,0,0,0,(i)(ii),Cultural,C,Italy,Italie,Europe and North America,Europe et Amérique du nord,it,ita,0,2,,0,37,48,39.6,68,0,1,1,57449.12346,57276.05909,57449.12346,6.25,0,6.25,0,6.25,0,6.25,0,6.25,0,6.25,0,6.25,0,6.26,0,6.25,0,6.25,0,6.25,0,6.26,3.44,6.26,0,6.26,0,6.26,4.06,6.29,6.84
0101000020E61000008236397CD21127400C0BE69673DF4640,0,68,81,712,9,Villa Godi Malinverni Lonedo di Lugo Vicentino,City of Vicenza and the Palladian Villas of the Veneto,Ville de Vicence et les villas de Palladio en Vénétie,1994,1996, ,11.534809,45.74571501,4.66,4.654200636,1,1,0,0,0,0,(i)(ii),Cultural,C,Italy,Italie,Europe and North America,Europe et Amérique du nord,it,ita,0,2,,0,36,41,38.375,69,1,1,1,46965.55528,46743.00862,46965.55528,6.25,0,6.25,0,6.25,0,6.25,0,6.25,0,6.25,0,6.25,0,6.26,0,6.25,0,6.25,0,6.25,0,6.26,3.44,6.26,0,6.26,0,6.26,4.06,6.29,6.84
0101000020E61000004C080C48B166284042725BF0DCB74640,1,69,83,712,21,"Villa Foscari, called Mira",City of Vicenza and the Palladian Villas of the Veneto,Ville de Vicence et les villas de Palladio en Vénétie,1994,1996, ,12.2005713,45.43643002,5.87,6.159363193,1,1,0,0,0,0,(i)(ii),Cultural,C,Italy,Italie,Europe and North America,Europe et Amérique du nord,it,ita,0,2,,0,-3,2,-1.5714,70,1,1,1,1127.535231,1832.419501,1127.535231,6.25,0,6.25,0,6.25,0,6.25,0,6.25,0,6.25,0,6.25,0,6.26,0,6.25,0,6.25,0,6.25,0,6.26,3.44,6.26,0,6.26,0,6.26,4.06,6.29,6.84
0101000020E6100000E9288BEBADFF264086B529057AA44640,0.0457841,70,84,712,11,Villa Pojana Poiana Maggioare,City of Vicenza and the Palladian Villas of the Veneto,Ville de Vicence et les villas de Palladio en Vénétie,1994,1996, ,11.49937378,45.28497376,6.14,6.184175691,1,1,0,0,0,0,(i)(ii),Cultural,C,Italy,Italie,Europe and North America,Europe et Amérique du nord,it,ita,0,2,,0,10,15,11.636,71,1,1,1,49491.69972,50366.80773,49491.69972,6.25,0,6.25,0,6.25,0,6.25,0,6.25,0,6.25,0,6.25,0,6.26,0,6.25,0,6.25,0,6.25,0,6.26,3.44,6.26,0,6.26,0,6.26,4.06,6.29,6.84
0101000020E61000000AF5F411F8F327409AC3DE59F5E74640,0,71,85,712,18,Villa Barbaro Maser,City of Vicenza and the Palladian Villas of the Veneto,Ville de Vicence et les villas de Palladio en Vénétie,1994,1996, ,11.976502,45.81217502,6.57,6.562842657,1,1,0,0,0,0,(i)(ii),Cultural,C,Italy,Italie,Europe and North America,Europe et Amérique du nord,it,ita,0,2,,0,149,188,163.08,72,0,0,0,43964.38696,43485.13396,43964.38696,6.25,0,6.25,0,6.25,0,6.25,0,6.25,0,6.25,0,6.25,0,6.26,0,6.25,0,6.25,0,6.25,0,6.26,3.44,6.26,0,6.26,0,6.26,4.06,6.29,6.84
0101000020E6100000E449D23593FF2740F123A7444CCD4640,0,72,86,712,23,Villa Cornaro Piombino Dese,City of Vicenza and the Palladian Villas of the Veneto,Ville de Vicence et les villas de Palladio en Vénétie,1994,1996, ,11.99917,45.60389002,7.44,7.432711583,1,1,0,0,0,0,(i)(ii),Cultural,C,Italy,Italie,Europe and North America,Europe et Amérique du nord,it,ita,0,2,,0,19,24,21.769,73,1,1,1,24325.57056,24379.9924,24325.57056,6.25,0,6.25,0,6.25,0,6.25,0,6.25,0,6.25,0,6.25,0,6.26,0,6.25,0,6.25,0,6.25,0,6.26,3.44,6.26,0,6.26,0,6.26,4.06,6.29,6.84
0101000020E6100000993FAE26B249294045ABC56DD5D94640,1,73,87,712,20,Villa Zeno Cessalto,City of Vicenza and the Palladian Villas of the Veneto,Ville de Vicence et les villas de Palladio en Vénétie,1994,1996, ,12.64393731,45.70182583,7.71,7.726597477,1,1,0,0,0,0,(i)(ii),Cultural,C,Italy,Italie,Europe and North America,Europe et Amérique du nord,it,ita,0,2,,0,-1,6,1.5,74,0,0,0,16049.34457,15186.7751,16049.34457,6.25,0,6.25,0,6.25,0,6.25,0,6.25,0,6.25,0,6.25,0,6.26,0,6.25,0,6.25,0,6.25,0,6.26,3.44,6.26,0,6.26,0,6.26,4.06,6.29,6.84
0101000020E61000001F85EB51B81E2740F31462C30DC44640,0,74,88,712,4,"Villa Almerico Capra, called Vicenza",City of Vicenza and the Palladian Villas of the Veneto,Ville de Vicence et les villas de Palladio en Vénétie,1994,1996, ,11.56,45.53167002,9,8.991968708,1,1,0,0,0,0,(i)(ii),Cultural,C,Italy,Italie,Europe and North America,Europe et Amérique du nord,it,ita,0,2,,0,29,47,37.467,75,1,1,1,48396.13157,48186.60082,48396.13157,6.25,0,6.25,0,6.25,0,6.25,0,6.25,0,6.25,0,6.25,0,6.26,0,6.25,0,6.25,0,6.25,0,6.26,3.44,6.26,0,6.26,0,6.26,4.06,6.29,6.84
0101000020E61000006346787B104A274031EC513466C04640,0,75,90,712,7,Villa Chiericati Grumolo delle Abbadesse,City of Vicenza and the Palladian Villas of the Veneto,Ville de Vicence et les villas de Palladio en Vénétie,1994,1996, ,11.644657,45.50311903,11.75,11.74069915,1,1,0,0,0,0,(i)(ii),Cultural,C,Italy,Italie,Europe and North America,Europe et Amérique du nord,it,ita,0,2,,0,30,41,36,76,1,1,1,50663.993,50447.9339,50663.993,6.25,0,6.25,0,6.25,0,6.25,0,6.25,0,6.25,0,6.25,0,6.26,0,6.25,0,6.25,0,6.25,0,6.26,3.44,6.26,0,6.26,0,6.26,4.06,6.29,6.84
0101000020E61000009CBF09850818274048F794185BC84640,0,76,91,712,2,"Villa Trissino, now Trettenero Cricoli",City of Vicenza and the Palladian Villas of the Veneto,Ville de Vicence et les villas de Palladio en Vénétie,1994,1996, ,11.54694,45.56528003,13,12.99002305,1,1,0,0,0,0,(i)(ii),Cultural,C,Italy,Italie,Europe and North America,Europe et Amérique du nord,it,ita,0,2,,0,58,64,59.773,77,0,0,0,33850.86932,33479.97187,33850.86932,6.25,0,6.25,0,6.25,0,6.25,0,6.25,0,6.25,0,6.25,0,6.26,0,6.25,0,6.25,0,6.25,0,6.26,3.44,6.26,0,6.26,0,6.26,4.06,6.29,6.84
0101000020E6100000ED647094BCFA274019C8D4D920DB4640,0.4261028,77,93,712,19,Villa Emo Vedelago,City of Vicenza and the Palladian Villas of the Veneto,Ville de Vicence et les villas de Palladio en Vénétie,1994,1996, ,11.98972,45.71194003,14.54,14.52885717,0,1,0,1,0,0,(ii)(iv),Cultural,C,Italy,Italie,Europe and North America,Europe et Amérique du nord,it,ita,0,2,,0,0,35,11.286,78,1,1,1,25.56915749,21.58063982,25.56915749,6.25,0,6.25,0,6.25,0,6.25,0,6.25,0,6.25,0,6.25,0,6.26,0,6.25,0,6.25,0,6.25,0,6.26,3.44,6.26,0,6.26,0,6.26,4.06,6.29,6.84
0101000020E61000007D3A1E3350192740C8B60C384BC64640,0.988069,78,98,712,1,City of Vicenza (including 23 buildings constructed by Palladio),City of Vicenza and the Palladian Villas of the Veneto,Ville de Vicence et les villas de Palladio en Vénétie,1994,1996, ,11.54944,45.5491705,218,217.9395893,0,1,1,1,1,1,(ii)(iii)(iv)(v)(vi),Cultural,C,Italy,Italie,Europe and North America,Europe et Amérique du nord,it,ita,0,1,2,117649,-10,18,-0.093728,79,1,1,0,0,0,0,6.25,0,6.25,0,6.25,0,6.25,0,6.25,0,6.25,0,6.25,0,6.26,0,6.25,0,6.25,0,6.25,0,6.26,3.44,6.26,0,6.26,0,6.26,4.06,6.29,6.84
0101000020E61000006FFEBA2E57622C400D109226DA654440,0,79,79,726,3,Marechiaro,Historic Centre of Naples,Centre historique de Naples,1995,0, ,14.1920714,40.79571993,4,4.404388664,1,1,0,0,0,0,(i)(ii),Cultural,C,Italy,Italie,Europe and North America,Europe et Amérique du nord,it,ita,0,2,,0,121,129,124.2,80,1,1,1,53461.73319,53469.54384,53461.73319,3.7,6.79,3.74,6.79,3.7,6.79,4.18,6.79,3.86,6.79,3.9,6.79,3.86,6.79,4.58,6.79,4.18,6.79,4.26,6.79,4.3,6.79,5.66,6.79,4.86,6.79,5.3,6.79,5.91,6.79,6.12,6.79
0101000020E61000001AE2F5ECFB682C4087DFEA8CB1684440,0,80,94,726,2,"District of Villa Manzo, Santa Maria della Consolazione",Historic Centre of Naples,Centre historique de Naples,1995,0, ,14.20504704,40.81791841,15.5,18.24333165,0,1,0,1,0,0,(ii)(iv),Cultural,C,Italy,Italie,Europe and North America,Europe et Amérique du nord,it,ita,0,2,,0,110,188,159.08,81,1,1,1,300.6729778,279.0860823,300.6729778,3.7,6.79,3.74,6.79,3.7,6.79,4.18,6.79,3.86,6.79,3.9,6.79,3.86,6.79,4.58,6.79,4.18,6.79,4.26,6.79,4.3,6.79,5.66,6.79,4.86,6.79,5.3,6.79,5.91,6.79,6.12,6.79
0101000020E610000096B24E8D7E612C403E888D47E3664440,0,81,95,726,4,District of Casale and Santo Strato,Historic Centre of Naples,Centre historique de Naples,1995,0, ,14.19041864,40.80381102,19.75,19.2955188,0,1,0,1,0,0,(ii)(iv),Cultural,C,Italy,Italie,Europe and North America,Europe et Amérique du nord,it,ita,0,2,,0,85,144,112.76,82,1,1,1,701.5847568,686.7412222,701.5847568,3.7,6.79,3.74,6.79,3.7,6.79,4.18,6.79,3.86,6.79,3.9,6.79,3.86,6.79,4.58,6.79,4.18,6.79,4.26,6.79,4.3,6.79,5.66,6.79,4.86,6.79,5.3,6.79,5.91,6.79,6.12,6.79
0101000020E6100000ED52974A477E2C4084B3BEF59F6C4440,1,82,99,726,1,Historical Centre of Naples,Historic Centre of Naples,Centre historique de Naples,1995,0, ,14.24663766,40.84863159,981.75,978.87379,1,1,1,1,0,0,(i)(ii)(iii)(iv),Cultural,C,Italy,Italie,Europe and North America,Europe et Amérique du nord,it,ita,0,4,,-9999,4,4,4,83,1,1,1,8451.835863,8663.186505,8451.835863,3.7,6.79,3.74,6.79,3.7,6.79,4.18,6.79,3.86,6.79,3.9,6.79,3.86,6.79,4.58,6.79,4.18,6.79,4.26,6.79,4.3,6.79,5.66,6.79,4.86,6.79,5.3,6.79,5.91,6.79,6.12,6.79
0101000020E61000005D695BC5C9B32340FAE1525B0B034640,0,83,82,826,4,Isola Tinetto,"Portovenere, Cinque Terre, and the Islands (Palmaria, Tino and Tinetto)","Portovenere, Cinque Terre et les îles (Palmaria, Tino et Tinetto)",1997,0, ,9.851148765,44.02378408,4.69,0.876087174,1,1,0,0,0,0,(i)(ii),Cultural,C,Italy,Italie,Europe and North America,Europe et Amérique du nord,it,ita,0,2,,0,165,214,182.78,84,0,1,0,62124.35241,61879.141,62124.35241,4.03,8.29,4.07,8.29,4.07,8.29,4.55,8.29,4.19,8.29,4.23,8.29,4.19,8.29,4.95,8.29,4.51,8.29,4.63,8.29,4.63,8.29,6.07,8.29,5.23,8.29,5.67,8.29,6.11,8.29,6.12,8.29
0101000020E6100000B5C88AA286B323401FADBD9171034640,0,84,92,826,3,Isola Tino,"Portovenere, Cinque Terre, and the Islands (Palmaria, Tino and Tinetto)","Portovenere, Cinque Terre et les îles (Palmaria, Tino et Tinetto)",1997,0, ,9.850636558,44.02690336,13.31,12.67426566,1,1,0,0,0,0,(i)(ii),Cultural,C,Italy,Italie,Europe and North America,Europe et Amérique du nord,it,ita,0,2,,0,30,55,38.179,85,1,1,1,49180.49732,48967.62248,49180.49732,4.03,8.29,4.07,8.29,4.07,8.29,4.55,8.29,4.19,8.29,4.23,8.29,4.19,8.29,4.95,8.29,4.51,8.29,4.63,8.29,4.63,8.29,6.07,8.29,5.23,8.29,5.67,8.29,6.11,8.29,6.12,8.29
0101000020E610000050641DF691B0234067C19BA093054640,0.9349922,85,97,826,2,Isola Palmaria,"Portovenere, Cinque Terre, and the Islands (Palmaria, Tino and Tinetto)","Portovenere, Cinque Terre et les îles (Palmaria, Tino et Tinetto)",1997,0, ,9.844863597,44.04356773,159.71,158.0457366,0,1,1,1,1,1,(ii)(iii)(iv)(v)(vi),Cultural,C,Italy,Italie,Europe and North America,Europe et Amérique du nord,it,ita,0,1,,0,-3,19,6.5358,86,1,1,0,59030.37341,59275.6562,59030.37341,4.03,8.29,4.07,8.29,4.07,8.29,4.55,8.29,4.19,8.29,4.23,8.29,4.19,8.29,4.95,8.29,4.51,8.29,4.63,8.29,4.63,8.29,6.07,8.29,5.23,8.29,5.67,8.29,6.11,8.29,6.12,8.29
0101000020E610000010240301B1552340F4A8B6A351144640,1,86,100,826,1,Cinque Terre and Portovenere,"Portovenere, Cinque Terre, and the Islands (Palmaria, Tino and Tinetto)","Portovenere, Cinque Terre et les îles (Palmaria, Tino et Tinetto)",1997,0, ,9.667366058,44.15874144,4511.54,5584.199631,1,1,1,1,0,0,(i)(ii)(iii)(iv),Cultural,C,Italy,Italie,Europe and North America,Europe et Amérique du nord,it,ita,0,4,,-9999,6,7,6.913,87,1,1,1,8334.455313,8531.011355,8334.455313,4.03,8.29,4.07,8.29,4.07,8.29,4.55,8.29,4.19,8.29,4.23,8.29,4.19,8.29,4.95,8.29,4.51,8.29,4.63,8.29,4.63,8.29,6.07,8.29,5.23,8.29,5.67,8.29,6.11,8.29,6.12,8.29
0101000020E6100000E8107A2E3AEE2640B92A790AF3734640,1,87,101,733,2,Diamantina,"Ferrara, City of the Renaissance, and its Po Delta","Ferrare, ville de la Renaissance, et son delta du Pô",1995,1999, ,11.46528764,44.90585452,5320,3149.110099,1,1,1,1,0,0,(i)(ii)(iii)(iv),Cultural,C,Italy,Italie,Europe and North America,Europe et Amérique du nord,it,ita,0,4,,0.68,7,10,7.2308,88,1,1,1,7955.676206,8166.354043,7955.676206,10,8.24,10,8.24,10,8.24,10,8.24,10,8.24,10,8.24,10,8.24,10,8.24,10,8.24,10,8.24,10,8.24,10,8.24,10,8.24,10,8.24,10,8.24,10,8.24
0101000020E6100000B7DB68DF608A2740F20D43B3046F4640,0,88,119,733,1,Ferrara,"Ferrara, City of the Renaissance, and its Po Delta","Ferrare, ville de la Renaissance, et son delta du Pô",1995,1999, ,11.77027033,44.86733094,41392,39750.8564,0,0,1,1,1,0,(iii)(iv)(v),Cultural,C,Italy,Italie,Europe and North America,Europe et Amérique du nord,it,ita,0,3,,0,33,47,33,89,1,1,1,798.1545674,854.6150071,798.1545674,10,8.24,10,8.24,10,8.24,10,8.24,10,8.24,10,8.24,10,8.24,10,8.24,10,8.24,10,8.24,10,8.24,10,8.24,10,8.24,10,8.24,10,8.24,10,8.24
0101000020E6100000E2D142D9C63D2D40FA43967969554440,1,89,102,830,0, ,Costiera Amalfitana,Côte amalfitaine,1997,0, ,14.62065772,40.66728134,11231,10652.52517,1,1,1,1,0,0,(i)(ii)(iii)(iv),Cultural,C,Italy,Italie,Europe and North America,Europe et Amérique du nord,it,ita,0,4,,2.92,2,5,2.6923,90,1,1,1,7812.843833,8024.479207,7812.843833,3.66,8.44,3.7,8.44,3.66,8.44,4.14,8.44,3.82,8.44,3.86,8.44,3.82,8.44,4.54,8.44,4.14,8.44,4.22,8.44,4.26,8.44,5.62,8.44,4.82,8.44,5.26,8.44,5.86,8.44,6.02,8.44
0101000020E6100000BA8AD953F1DC21403A327F1AB1344640,1,90,111,1211,0, ,Genoa: Le Strade Nuove and the system of the Palazzi dei Rolli,"Gênes, les Strade Nuove et le système des palais des Rolli",2006,0,0,8.931528683,44.41165477,15.78,21.009086,0,0,1,1,0,1,(iii)(iv)(vi),Cultural,C,Italy,Italie,Europe and North America,Europe et Amérique du nord,it,ita,0,3,4,0,-4,8,0.78636,91,0,1,1,3521.979507,3065.084408,3521.979507,0,5.48,0,5.48,0,5.48,0,5.6,0,5.51,0,5.52,0,5.51,0,5.71,0,5.59,0,5.62,0,5.62,0,5.99,0,5.76,0,5.89,0,6.05,3.96,6.52
0101000020E6100000BC4B771185CA24406D0FEFF793DC4540,1,91,112,395,0, ,"Piazza del Duomo, Pisa",Piazza del Duomo à Pise,1987,0, ,10.39554648,43.72326564,8.87,9.289367564,0,1,0,1,1,0,(ii)(iv)(v),Cultural,C,Italy,Italie,Europe and North America,Europe et Amérique du nord,it,ita,0,1,,0,0,0,0,92,0,0,0,0,0,0,0,0,0,0,0,0,0,0,0,0,0,0,0,0,0,0,0,0,0,0,0,0,0,0,0,0,0,0,0,0,1.01,0
0101000020E610000002816B7A927A2E4070717DEDD38B4240,0.2612358,92,114,1200,2,"Epipolae, Achradina, Tyche and Neapolis, Euryalus Castle, Dionysian fortifications and the Scala Greca area",Syracuse and the Rocky Necropolis of Pantalica,Syracuse et la nécropole rocheuse de Pantalica,2005,0, ,15.23939879,37.09240502,635.96,657.3889967,0,1,0,1,1,0,(ii)(iv)(v),Cultural,C,Italy,Italie,Europe and North America,Europe et Amérique du nord,it,ita,0,1,,0,-1,76,29.905,93,0,0,0,0,0,0,3.19,8.25,3.23,8.25,3.23,8.25,3.71,8.25,3.35,8.25,3.43,8.25,3.39,8.25,4.15,8.25,3.71,8.25,3.83,8.25,3.87,8.25,5.27,8.25,4.55,8.25,5.03,8.25,5.63,8.25,6.04,8.25
0101000020E6100000E6662C58B2962E40B6B1653BD7874240,0.1044124,93,115,1200,3,Ortygia,Syracuse and the Rocky Necropolis of Pantalica,Syracuse et la nécropole rocheuse de Pantalica,2005,0, ,15.29432941,37.06125586,56.64,59.82502441,0,1,0,1,1,0,(ii)(iv)(v),Cultural,C,Italy,Italie,Europe and North America,Europe et Amérique du nord,it,ita,0,1,,0,-2,183,77.314,94,1,0,0,0,0,0,3.19,8.25,3.23,8.25,3.23,8.25,3.71,8.25,3.35,8.25,3.43,8.25,3.39,8.25,4.15,8.25,3.71,8.25,3.83,8.25,3.87,8.25,5.27,8.25,4.55,8.25,5.03,8.25,5.63,8.25,6.04,8.25
0101000020E61000008DCBB8A9810E2E409B94DD2722924240,0.0229214,94,118,1200,1,Necropolis of Pantalica,Syracuse and the Rocky Necropolis of Pantalica,Syracuse et la nécropole rocheuse de Pantalica,2005,0, ,15.028333,37.14166735,205.86,206.2031285,0,1,0,1,1,0,(ii)(iv)(v),Cultural,C,Italy,Italie,Europe and North America,Europe et Amérique du nord,it,ita,0,1,,0,-14,804,349.13,95,1,1,1,0,0,0,3.19,8.25,3.23,8.25,3.23,8.25,3.71,8.25,3.35,8.25,3.43,8.25,3.39,8.25,4.15,8.25,3.71,8.25,3.83,8.25,3.87,8.25,5.27,8.25,4.55,8.25,5.03,8.25,5.63,8.25,6.04,8.25
0101000020E61000008408DDCAB7D2414089E6099D3A0F4140,0,95,120,295,0, ,Byblos,Byblos,1984,0, ,35.6462339,34.11897624,-9999,10.78953891,0,0,1,1,1,0,(iii)(iv)(v),Cultural,C,Italy,Italie,Europe and North America,Europe et Amérique du nord,it,ita,0,3,,0,12,13,12.122,96,1,1,1,673.5555331,783.9955622,673.5555331,4.47,6.91,4.51,6.91,4.47,6.91,4.99,6.91,4.63,6.91,4.67,6.91,4.63,6.91,5.43,6.91,4.99,6.91,5.11,6.91,5.11,6.91,6.55,6.91,5.75,6.91,6.23,6.91,6.55,6.91,6.55,6.91
0101000020E61000007B14AE47E19A414052B81E85EBA14040,0,96,121,299,0, ,Tyre,Tyr,1984,0, ,35.21,33.265,153.8,164.962618,0,0,1,1,1,0,(iii)(iv)(v),Cultural,C,Italy,Italie,Europe and North America,Europe et Amérique du nord,it,ita,0,3,,0,20,32,22,97,1,1,1,1767.31368,1980.95443,1767.31368,4.17,9.79,4.21,9.79,4.17,9.79,4.7,9.79,4.33,9.79,4.38,9.79,4.33,9.79,5.15,9.79,4.7,9.79,4.82,9.79,4.82,9.79,6.29,9.79,5.48,9.79,5.96,9.79,6.3,9.79,6.44,9.79
0101000020E61000009AB4679E75962C4085C93B2488514040,0,97,122,183,0, ,Archaeological Site of Leptis Magna,Site archéologique de Leptis Magna,1982,0, ,14.29386611,32.63696721,-9999,131.5651224,0,0,1,1,1,0,(iii)(iv)(v),Cultural,C,Italy,Italie,Europe and North America,Europe et Amérique du nord,it,ita,0,3,,0,20,25,22.5,98,1,1,1,539.8949241,626.461289,539.8949241,3.76,8.71,3.8,8.71,3.76,8.71,4.28,8.71,3.92,8.71,3.96,8.71,3.96,8.71,4.72,8.71,4.28,8.71,4.4,8.71,4.4,8.71,5.85,8.71,5.04,8.71,5.56,8.71,6.01,8.71,6.02,8.71
0101000020E6100000C024B637CFF9284011A649A52F674040,0,98,123,184,0, ,Archaeological Site of Sabratha,Site archéologique de Sabratha,1982,0, ,12.48790907,32.80614153,-9999,43.61987865,0,0,1,1,1,0,(iii)(iv)(v),Cultural,C,Italy,Italie,Europe and North America,Europe et Amérique du nord,it,ita,0,3,,0,21,35,27,99,1,1,1,628.1235597,621.1882562,628.1235597,4.43,8.65,4.47,8.65,4.43,8.65,4.92,8.65,4.59,8.65,4.63,8.65,4.59,8.65,5.4,8.65,4.92,8.65,5.08,8.65,5.08,8.65,6.05,8.65,5.68,8.65,6.05,8.65,6.05,8.65,6.05,8.65
0101000020E61000003F271829EF062D40AA1B5A2A10F34140,0,99,125,131,0, ,City of Valletta,Ville de La Valette,1980,0, ,14.5135434,35.89893083,55.5,73.14486125,0,0,1,1,1,0,(iii)(iv)(v),Cultural,C,Italy,Italie,Europe and North America,Europe et Amérique du nord,it,ita,0,3,,0,12,30,18.923,100,1,1,1,391.0781831,417.960204,391.0781831,4.06,7.33,4.06,7.33,4.06,7.33,4.54,7.33,4.18,7.33,4.26,7.33,4.22,7.33,4.98,7.33,4.54,7.33,4.66,7.33,4.66,7.33,6.06,7.33,5.26,7.33,5.74,7.33,6.38,7.33,6.54,7.33
0101000020E610000003FAD04711C0324001F655E24F3B4540,0.0028457,100,126,125,0, ,Natural and Culturo-Historical Region of Kotor,Contrée naturelle et culturo-historique de Kotor,1979,0,P 1979-2003,18.75026368,42.46337537,14600,10100.60639,0,0,1,1,1,0,(iii)(iv)(v),Cultural,C,Italy,Italie,Europe and North America,Europe et Amérique du nord,it,ita,0,3,,0,10,46,26.86,101,1,1,1,1758.903387,2004.705544,1758.903387,6.08,6.67,6.08,6.67,6.04,6.67,6.57,6.67,6.2,6.67,6.24,6.67,6.24,6.67,6.97,6.67,6.61,6.67,6.69,6.67,6.69,6.67,7.93,6.67,7.41,6.67,7.85,6.67,7.93,6.67,7.94,6.67
0101000020E61000006AF981AB3C81F73F3481221631964440,0.0064135,101,129,875,14,Triumphal Arch of Bera 20 km E of Tarragona,Archaeological Ensemble of Tárraco,Ensemble archéologique de Tarragone,2000,0, ,1.469052,41.173373,0.01,0.009958323,0,1,0,1,1,0,(ii)(iv)(v),Cultural,C,Italy,Italie,Europe and North America,Europe et Amérique du nord,it,ita,0,1,,0,-2,1358,472.17,102,1,1,1,0,0,0,0,9.04,0,9.04,0,9.04,0,9.1,0,9.06,0,9.07,0,9.06,0,9.16,0,9.11,0,9.12,0,9.12,0,9.29,0,9.21,0,9.27,0,9.34,0,9.49
0101000020E6100000EEB60BCD751AF53FAFEDED96E4904440,0.0091194,102,130,875,10,Tower of Scipios 5 km E of Tarragona,Archaeological Ensemble of Tárraco,Ensemble archéologique de Tarragone,2000,0, ,1.31896,41.131976,0.08,0.07966734,0,0,1,1,0,0,(iii)(iv),Cultural,C,Italy,Italie,Europe and North America,Europe et Amérique du nord,it,ita,0,1,,0,-8,1887,741.66,103,1,1,0,0,0,0,0,9.04,0,9.04,0,9.04,0,9.1,0,9.06,0,9.07,0,9.06,0,9.16,0,9.11,0,9.12,0,9.12,0,9.29,0,9.21,0,9.27,0,9.34,0,9.49
0101000020E610000056CBE7267B25F43FE8F094FEF38E4440,0.0171047,103,131,875,1,Roman walls Tarragona,Archaeological Ensemble of Tárraco,Ensemble archéologique de Tarragone,2000,0, ,1.25915065,41.11682112,0.6,0.981289395,0,0,1,1,0,0,(iii)(iv),Cultural,C,Italy,Italie,Europe and North America,Europe et Amérique du nord,it,ita,0,1,,0,0,1123,332.71,104,1,0,0,0,0,0,0,9.04,0,9.04,0,9.04,0,9.1,0,9.06,0,9.07,0,9.06,0,9.16,0,9.11,0,9.12,0,9.12,0,9.29,0,9.21,0,9.27,0,9.34,0,9.49
0101000020E610000040DEAB5626FCF33F4963B48EAA8E4440,0.0238199,104,132,875,5,The Colonial Forum Tarragona,Archaeological Ensemble of Tárraco,Ensemble archéologique de Tarragone,2000,0, ,1.24906,41.11458,0.6,0.598764601,0,0,1,1,0,0,(iii)(iv),Cultural,C,Italy,Italie,Europe and North America,Europe et Amérique du nord,it,ita,0,1,,0,-5,1210,381.8,105,0,1,1,0,0,0,0,9.04,0,9.04,0,9.04,0,9.1,0,9.06,0,9.07,0,9.06,0,9.16,0,9.11,0,9.12,0,9.12,0,9.29,0,9.21,0,9.27,0,9.34,0,9.49
0101000020E61000000D84805642D2F33FC43CD0AFD28E4440,0,105,133,875,8,Paleochristian cemetry Tarragona,Archaeological Ensemble of Tárraco,Ensemble archéologique de Tarragone,2000,0, ,1.238832796,41.11580465,1.3,1.269388844,0,1,1,0,0,0,(ii)(iii),Cultural,C,Spain,Espagne,Europe and North America,Europe et Amérique du nord,es,esp,0,3,,0,13,16,15.462,106,1,1,1,754.5761611,880.0583747,754.5761611,0,9.04,0,9.04,0,9.04,0,9.1,0,9.06,0,9.07,0,9.06,0,9.16,0,9.11,0,9.12,0,9.12,0,9.29,0,9.21,0,9.27,0,9.34,0,9.49
0101000020E6100000F64629F8D8EA3C40A56FA9B576804440,0.0303931,139,176,356,4,Land Walls of Istanbul,Historic Areas of Istanbul,Zones historiques d'Istanbul,1985,0, ,28.91737319,41.00362273,506,511.9686192,0,1,0,1,0,0,(ii)(iv),Cultural,C,Italy,Italie,Europe and North America,Europe et Amérique du nord,it,ita,0,2,,113,1,65,25.343,140,1,1,1,472.2710872,136.9621128,136.9621128,2.95,6.15,2.91,6.15,2.95,6.15,3.44,6.15,3.07,6.15,3.07,6.15,3.07,6.15,3.88,6.15,3.44,6.15,3.48,6.15,3.48,6.15,5.01,6.15,4.16,6.15,4.45,6.15,4.93,6.15,6.08,6.15
0101000020E6100000FC3559A31E22F43F087250C24C8F4440,0,106,134,875,2,The imperial cult enclosure Tarragona,Archaeological Ensemble of Tárraco,Ensemble archéologique de Tarragone,2000,0, ,1.25833,41.11953,2.23,2.228573948,0,1,1,0,0,0,(ii)(iii),Cultural,C,Spain,Espagne,Europe and North America,Europe et Amérique du nord,es,esp,0,3,,0,11,11,11,107,1,1,1,192.5817817,253.3957262,192.5817817,0,9.04,0,9.04,0,9.04,0,9.1,0,9.06,0,9.07,0,9.06,0,9.16,0,9.11,0,9.12,0,9.12,0,9.29,0,9.21,0,9.27,0,9.34,0,9.49
0101000020E61000008AC6DADFD99EF33F560DC2DCEE934440,0,107,135,875,12,The 4.6 km NNW of Tarragona,Archaeological Ensemble of Tárraco,Ensemble archéologique de Tarragone,2000,0, ,1.226282,41.155727,2.24,2.238548718,0,1,1,0,0,0,(ii)(iii),Cultural,C,Spain,Espagne,Europe and North America,Europe et Amérique du nord,es,esp,0,3,,0,45,80,64.82,108,1,1,1,297.615666,398.4842377,297.615666,0,9.04,0,9.04,0,9.04,0,9.1,0,9.06,0,9.07,0,9.06,0,9.16,0,9.11,0,9.12,0,9.12,0,9.29,0,9.21,0,9.27,0,9.34,0,9.49
0101000020E6100000C319FEFE8D68F53F1D9816D4BB914440,0,108,136,875,11,Medol Quary 9 km N of Tarragona,Archaeological Ensemble of Tárraco,Ensemble archéologique de Tarragone,2000,0, ,1.338026043,41.13854457,5.3,5.892562926,0,1,1,0,0,0,(ii)(iii),Cultural,C,Spain,Espagne,Europe and North America,Europe et Amérique du nord,es,esp,0,3,,0,37,39,39,109,1,1,1,566.7382237,550.9619142,566.7382237,0,9.04,0,9.04,0,9.04,0,9.1,0,9.06,0,9.07,0,9.06,0,9.16,0,9.11,0,9.12,0,9.12,0,9.29,0,9.21,0,9.27,0,9.34,0,9.49
0101000020E6100000F25EB532E117F43F2DF524971C8F4440,0.8151574,109,137,875,3,Provincial Forum Tarragona,Archaeological Ensemble of Tárraco,Ensemble archéologique de Tarragone,2000,0, ,1.25583,41.11806001,5.85,5.849784531,0,1,1,0,0,0,(ii)(iii),Cultural,C,Spain,Espagne,Europe and North America,Europe et Amérique du nord,es,esp,0,3,,0,5,11,7.3333,110,1,1,1,803.873904,714.0198232,803.873904,0,9.04,0,9.04,0,9.04,0,9.1,0,9.06,0,9.07,0,9.06,0,9.16,0,9.11,0,9.12,0,9.12,0,9.29,0,9.21,0,9.27,0,9.34,0,9.49
0101000020E6100000B05099D2622FF63FD3DE5CD36E914440,0,110,138,875,13,The 10 km E of Tarragona,Archaeological Ensemble of Tárraco,Ensemble archéologique de Tarragone,2000,0, ,1.386568854,41.13619463,6.5,6.477120807,0,1,1,0,0,0,(ii)(iii),Cultural,C,Spain,Espagne,Europe and North America,Europe et Amérique du nord,es,esp,0,3,,0,68,79,74.25,111,1,1,1,592.9421992,648.6567668,592.9421992,0,9.04,0,9.04,0,9.04,0,9.1,0,9.06,0,9.07,0,9.06,0,9.16,0,9.11,0,9.12,0,9.12,0,9.29,0,9.21,0,9.27,0,9.34,0,9.49
0101000020E6100000188018B1E7FCF33F886FF641758E4440,0,111,142,875,6,The Roman Theatre Tarragona,Archaeological Ensemble of Tárraco,Ensemble archéologique de Tarragone,2000,0, ,1.249244396,41.11295342,0.54,0.516956993,0,1,1,0,0,0,(ii)(iii),Cultural,C,Spain,Espagne,Europe and North America,Europe et Amérique du nord,es,esp,0,3,,0,40,45,44,112,1,1,1,5307.109295,5222.707309,5307.109295,0,9.04,0,9.04,0,9.04,0,9.1,0,9.06,0,9.07,0,9.06,0,9.16,0,9.11,0,9.12,0,9.12,0,9.29,0,9.21,0,9.27,0,9.34,0,9.49
0101000020E610000026877D727C23F43FBCE3FB7FA88E4440,0.1430774,112,146,875,7,"The Amphitheatre, basilica, and Romanesque durch Tarragona",Archaeological Ensemble of Tárraco,Ensemble archéologique de Tarragone,2000,0, ,1.258663604,41.11451721,1,1.003472124,0,1,1,0,0,0,(ii)(iii),Cultural,C,Spain,Espagne,Europe and North America,Europe et Amérique du nord,es,esp,0,3,,0,7,40,15.25,113,1,1,1,1042.186097,996.2932486,1042.186097,0,9.04,0,9.04,0,9.04,0,9.1,0,9.06,0,9.07,0,9.06,0,9.16,0,9.11,0,9.12,0,9.12,0,9.29,0,9.21,0,9.27,0,9.34,0,9.49
0101000020E61000004D77B8CCD216F43F3315E291F88E4440,0,113,150,875,4,The Circus Tarragona,Archaeological Ensemble of Tárraco,Ensemble archéologique de Tarragone,2000,0, ,1.255572128,41.11696075,6,6.011239015,0,1,1,0,0,0,(ii)(iii),Cultural,C,Spain,Espagne,Europe and North America,Europe et Amérique du nord,es,esp,0,3,,0,56,73,60,114,1,1,1,439.293356,536.2186263,439.293356,0,9.04,0,9.04,0,9.04,0,9.1,0,9.06,0,9.07,0,9.06,0,9.16,0,9.11,0,9.12,0,9.12,0,9.29,0,9.21,0,9.27,0,9.34,0,9.49
0101000020E6100000D125B94FD0E6F33F0033C624AF924440,0.1642568,114,151,875,9,Aqueduct 4 km N of Tarragona,Archaeological Ensemble of Tárraco,Ensemble archéologique de Tarragone,2000,0, ,1.243851005,41.14596996,0.4,0.27841112,0,1,1,0,0,0,(ii)(iii),Cultural,C,Spain,Espagne,Europe and North America,Europe et Amérique du nord,es,esp,0,3,,0,7,25,13.2,115,1,1,1,131.24937,133.4529072,131.24937,0,9.04,0,9.04,0,9.04,0,9.1,0,9.06,0,9.07,0,9.06,0,9.16,0,9.11,0,9.12,0,9.12,0,9.29,0,9.21,0,9.27,0,9.34,0,9.49
0101000020E610000064002C1B6BFD0640394CB00F1DE54340,0,115,152,1371,0, ,Cultural Landscape of the Serra de Tramuntana,Paysage culturel de la Serra de Tramuntana,2011,0, ,2.873739445,39.78994938,30745,30163.99401,0,1,1,0,0,0,(ii)(iii),Cultural,C,Spain,Espagne,Europe and North America,Europe et Amérique du nord,es,esp,0,3,,3.4,13,18,15.875,116,1,1,1,421.180695,409.8347678,421.180695,3.72,7.1,3.76,7.1,3.72,7.1,4.24,7.1,3.88,7.1,3.96,7.1,3.92,7.1,4.72,7.1,4.24,7.1,4.4,7.1,4.4,7.1,5.76,7.1,5.04,7.1,5.56,7.1,6,7.1,6,7.1
0101000020E6100000FAE1525B0BA92440EC4E98AC616D4240,0.0711366,116,153,37,5,Land of the Roman house,Archaeological Site of Carthage,Site archéologique de Carthage,1979,0, ,10.33016477,36.85454328,0.65,0.625003671,0,1,1,0,0,0,(ii)(iii),Cultural,C,Spain,Espagne,Europe and North America,Europe et Amérique du nord,es,esp,0,3,,8,11,39,26,117,1,1,1,71.22603905,164.9675948,71.22603905,3.95,6.93,3.99,6.93,3.95,6.93,4.47,6.93,4.11,6.93,4.15,6.93,4.11,6.93,4.91,6.93,4.47,6.93,4.59,6.93,4.59,6.93,6.04,6.93,5.19,6.93,5.72,6.93,6.12,6.93,6.16,6.93
0101000020E610000018F5628B51A724403E13CC5E576D4240,0,117,154,37,4,"Land of the ""Maison de la course des chars""",Archaeological Site of Carthage,Site archéologique de Carthage,1979,0, ,10.32679401,36.85422883,0.95,0.408072133,0,1,1,0,0,0,(ii)(iii),Cultural,C,Spain,Espagne,Europe and North America,Europe et Amérique du nord,es,esp,0,3,,27.5,50,61,54,118,1,1,1,283.6701382,389.5480875,283.6701382,3.95,6.93,3.99,6.93,3.95,6.93,4.47,6.93,4.11,6.93,4.15,6.93,4.11,6.93,4.91,6.93,4.47,6.93,4.59,6.93,4.59,6.93,6.04,6.93,5.19,6.93,5.72,6.93,6.12,6.93,6.16,6.93
0101000020E6100000FC7ACF9211A924408AA50E13896D4240,0,118,155,37,3,El Mbazaa Field,Archaeological Site of Carthage,Site archéologique de Carthage,1979,0, ,10.3302122,36.85574568,1.08,1.307103994,0,1,1,0,0,0,(ii)(iii),Cultural,C,Spain,Espagne,Europe and North America,Europe et Amérique du nord,es,esp,0,3,,71.5,52,61,56.8,119,1,1,0,3700.224371,3779.392235,3700.224371,3.95,6.93,3.99,6.93,3.95,6.93,4.47,6.93,4.11,6.93,4.15,6.93,4.11,6.93,4.91,6.93,4.47,6.93,4.59,6.93,4.59,6.93,6.04,6.93,5.19,6.93,5.72,6.93,6.12,6.93,6.16,6.93
0101000020E61000003BD2AE7C75A724407FC39F3C876D4240,1,119,156,37,2,"Land of the ""Maison de la chasse au sanglier""",Archaeological Site of Carthage,Site archéologique de Carthage,1979,0, ,10.32706823,36.8556896,2.31,2.169220078,1,1,0,1,0,0,(i)(ii)(iv),Cultural,C,Croatia,Croatie,Europe and North America,Europe et Amérique du nord,hr,hrv,0,4,,15,-2,3,-2,120,0,1,1,3287.977424,147.4776552,147.4776552,3.95,6.93,3.99,6.93,3.95,6.93,4.47,6.93,4.11,6.93,4.15,6.93,4.11,6.93,4.91,6.93,4.47,6.93,4.59,6.93,4.59,6.93,6.04,6.93,5.19,6.93,5.72,6.93,6.12,6.93,6.16,6.93
0101000020E61000000C774F9ADDA92440C9403B33036D4240,0.1571742,120,157,37,7,Magon District,Archaeological Site of Carthage,Site archéologique de Carthage,1979,0, ,10.33176882,36.85166016,2.75,2.614680695,0,0,0,1,0,0,(iv),Cultural,C,Greece,Grèce,Europe and North America,Europe et Amérique du nord,gr,grc,0,2,,162,-2,36,17.561,121,1,1,1,0,0,0,3.95,6.93,3.99,6.93,3.95,6.93,4.47,6.93,4.11,6.93,4.15,6.93,4.11,6.93,4.91,6.93,4.47,6.93,4.59,6.93,4.59,6.93,6.04,6.93,5.19,6.93,5.72,6.93,6.12,6.93,6.16,6.93
0101000020E6100000A06A78A324A62440DE6A630D936C4240,0.5224533,121,158,37,8,Sector of Dermech Basilica,Archaeological Site of Carthage,Site archéologique de Carthage,1979,0, ,10.32449828,36.84823768,3.42,3.27899321,0,0,1,1,0,1,(iii)(iv)(vi),Cultural,C,Turkey,Turquie,Europe and North America,Europe et Amérique du nord,tr,tur,0,1,3,0,6,67,17.071,122,1,1,0,7464.259715,7423.37437,7464.259715,3.95,6.93,3.99,6.93,3.95,6.93,4.47,6.93,4.11,6.93,4.15,6.93,4.11,6.93,4.91,6.93,4.47,6.93,4.59,6.93,4.59,6.93,6.04,6.93,5.19,6.93,5.72,6.93,6.12,6.93,6.16,6.93
0101000020E61000000770A39620A824403040CB88C56C4240,0.3950059,122,159,37,6,Sector of Bir Messaouda,Archaeological Site of Carthage,Site archéologique de Carthage,1979,0, ,10.32837363,36.84977827,7.1,6.757576713,0,0,1,1,0,1,(iii)(iv)(vi),Cultural,C,Turkey,Turquie,Europe and North America,Europe et Amérique du nord,tr,tur,0,3,,0,-1,345,62.344,123,1,1,0,426.003797,380.0028609,426.003797,3.95,6.93,3.99,6.93,3.95,6.93,4.47,6.93,4.11,6.93,4.15,6.93,4.11,6.93,4.91,6.93,4.47,6.93,4.59,6.93,4.59,6.93,6.04,6.93,5.19,6.93,5.72,6.93,6.12,6.93,6.16,6.93
0101000020E61000009784F2DB63A32440FB37F5A2F26B4240,0,123,160,37,9,Sector of Bib Knissia Basilica,Archaeological Site of Carthage,Site archéologique de Carthage,1979,0, ,10.31912124,36.84334218,7.67,6.601838885,0,0,1,1,0,1,(iii)(iv)(vi),Cultural,C,Turkey,Turquie,Europe and North America,Europe et Amérique du nord,tr,tur,0,4,,83,393,410,398,124,0,0,0,5161.966601,5116.941882,5161.966601,3.95,6.93,3.99,6.93,3.95,6.93,4.47,6.93,4.11,6.93,4.15,6.93,4.11,6.93,4.91,6.93,4.47,6.93,4.59,6.93,4.59,6.93,6.04,6.93,5.19,6.93,5.72,6.93,6.12,6.93,6.16,6.93
0101000020E61000000AC50C439AAD244033BD0675F86D4240,0,124,161,37,13,Land of the Roman houses of Amilcar,Archaeological Site of Carthage,Site archéologique de Carthage,1979,0, ,10.33906755,36.85914481,19.09,0.054411571,0,0,1,1,0,1,(iii)(iv)(vi),Cultural,C,Turkey,Turquie,Europe and North America,Europe et Amérique du nord,tr,tur,0,3,,1163.3,27,29,28,125,1,0,0,7149.491296,7173.133237,7149.491296,3.95,6.93,3.99,6.93,3.95,6.93,4.47,6.93,4.11,6.93,4.15,6.93,4.11,6.93,4.91,6.93,4.47,6.93,4.59,6.93,4.59,6.93,6.04,6.93,5.19,6.93,5.72,6.93,6.12,6.93,6.16,6.93
0101000020E610000078252C9E38AC2440490389377C6E4240,0,125,162,37,12,Basilica of Saint Cyprien,Archaeological Site of Carthage,Site archéologique de Carthage,1979,0, ,10.33636946,36.8631658,25.66,0.236866019,1,1,0,1,1,0,(i)(ii)(iv)(v),Cultural,C,Italy,Italie,Europe and North America,Europe et Amérique du nord,it,ita,0,2,,47.86,508,610,553.7,126,1,1,1,29280.65259,29270.66685,29280.65259,3.95,6.93,3.99,6.93,3.95,6.93,4.47,6.93,4.11,6.93,4.15,6.93,4.11,6.93,4.91,6.93,4.47,6.93,4.59,6.93,4.59,6.93,6.04,6.93,5.19,6.93,5.72,6.93,6.12,6.93,6.16,6.93
0101000020E610000041F992F8A2A624409A756B3ED36B4240,0.0176558,126,163,37,10,District of the punic ports and of the tophet,Archaeological Site of Carthage,Site archéologique de Carthage,1979,0, ,10.32546212,36.84238415,27.49,24.58197968,1,1,0,1,1,0,(i)(ii)(iv)(v),Cultural,C,Italy,Italie,Europe and North America,Europe et Amérique du nord,it,ita,0,2,,80.13,6,53,29.115,127,1,1,1,416.073267,197.0633609,197.0633609,3.95,6.93,3.99,6.93,3.95,6.93,4.47,6.93,4.11,6.93,4.15,6.93,4.11,6.93,4.91,6.93,4.47,6.93,4.59,6.93,4.59,6.93,6.04,6.93,5.19,6.93,5.72,6.93,6.12,6.93,6.16,6.93
0101000020E61000009286E84AE3A5244077AD73C23A6B4240,0,127,164,37,11,Zone of the entrance to the harbours,Archaeological Site of Carthage,Site archéologique de Carthage,1979,0, ,10.32399973,36.8377307,74.37,0.204244413,1,1,0,1,1,0,(i)(ii)(iv)(v),Cultural,C,Italy,Italie,Europe and North America,Europe et Amérique du nord,it,ita,0,2,,27.48,404,420,409,128,1,1,1,27315.25671,27448.09687,27315.25671,3.95,6.93,3.99,6.93,3.95,6.93,4.47,6.93,4.11,6.93,4.15,6.93,4.11,6.93,4.91,6.93,4.47,6.93,4.59,6.93,4.59,6.93,6.04,6.93,5.19,6.93,5.72,6.93,6.12,6.93,6.16,6.93
0101000020E610000026C9105364A12440002D6532FF6C4240,0,128,165,37,1,The area of the hills,Archaeological Site of Carthage,Site archéologique de Carthage,1979,0, ,10.31521854,36.85153799,443.48,316.7820037,1,1,0,1,1,0,(i)(ii)(iv)(v),Cultural,C,Italy,Italie,Europe and North America,Europe et Amérique du nord,it,ita,0,2,,34,311,385,334.56,129,1,1,1,15159.64211,15176.66673,15159.64211,3.95,6.93,3.99,6.93,3.95,6.93,4.47,6.93,4.11,6.93,4.15,6.93,4.11,6.93,4.91,6.93,4.47,6.93,4.59,6.93,4.59,6.93,6.04,6.93,5.19,6.93,5.72,6.93,6.12,6.93,6.16,6.93
0101000020E6100000CC16FF2DB732264043F9275D1F794240,0,129,166,332,1,Archaeological site,Punic Town of Kerkuane and its Necropolis,Cité punique de Kerkouane et sa nécropole,1985,1986, ,11.0990538,36.94626965,0.1022,11.55245545,1,1,0,1,1,0,(i)(ii)(iv)(v),Cultural,C,Italy,Italie,Europe and North America,Europe et Amérique du nord,it,ita,0,2,,48.09,94,156,114.03,130,1,1,1,5307.527729,5570.659313,5307.527729,4.73,8.86,4.77,8.86,4.77,8.86,5.3,8.86,4.94,8.86,4.98,8.86,4.94,8.86,5.79,8.86,5.3,8.86,5.43,8.86,5.43,8.86,6.87,8.86,6.12,8.86,6.65,8.86,6.92,8.86,7.52,8.86
0101000020E61000009475EE2C302C2640D2E0D7C4597A4240,0,130,167,332,2,Necropolis,Punic Town of Kerkuane and its Necropolis,Cité punique de Kerkouane et sa nécropole,1985,1986, ,11.08630505,36.95586453,0.0097,0.976328781,1,1,0,1,1,0,(i)(ii)(iv)(v),Cultural,C,Italy,Italie,Europe and North America,Europe et Amérique du nord,it,ita,0,2,,33.74,679,692,685.5,131,1,1,1,27634.66411,27704.30674,27634.66411,4.73,8.86,4.77,8.86,4.77,8.86,5.3,8.86,4.94,8.86,4.98,8.86,4.94,8.86,5.79,8.86,5.3,8.86,5.43,8.86,5.43,8.86,6.87,8.86,6.12,8.86,6.65,8.86,6.92,8.86,7.52,8.86
0101000020E61000009AE9036E8246254004460B8E9AE94140,0,131,168,498,0, ,Medina of Sousse,Médina de Sousse,1988,0, ,10.63771385,35.82502914,31.68,32.18979736,1,1,0,1,1,0,(i)(ii)(iv)(v),Cultural,C,Italy,Italie,Europe and North America,Europe et Amérique du nord,it,ita,0,2,,29.32,383,497,449.96,132,1,1,1,19819.85361,19889.79778,19819.85361,0,4.36,0,4.36,0,4.36,0,4.36,0,4.36,0,4.36,0,4.36,0,4.36,0,4.36,0,4.36,0,4.36,0,4.36,0,4.36,0,4.36,0,4.36,0,5.06
0101000020E61000008B2A4F62085724401A278DEA57664240,0,132,169,36,0, ,Medina of Tunis,Médina de Tunis,1979,0, ,10.16998584,36.79955799,296.41,298.4104249,1,1,0,1,1,0,(i)(ii)(iv)(v),Cultural,C,Italy,Italie,Europe and North America,Europe et Amérique du nord,it,ita,0,2,,5.18,113,115,115,133,1,1,1,6434.507411,6448.475932,6434.507411,0,0,0,0,0,0,0,0,0,0,0,0,0,0,0,0,0,0,0,0,0,0,0,0,0,0,0,0,0,0,0,0
0101000020E6100000A7C22B8BBA503D40069FA4C8732D4240,0.5723487,133,171,484,2,Xanthos bis (outlier),Xanthos-Letoon,Xanthos-Letoon,1988,0, ,29.31534643,36.35509594,0.4,0.489042156,0,1,1,0,1,0,(ii)(iii)(v),Cultural,C,Israel,Israël,Europe and North America,Europe et Amérique du nord,il,isr,0,2,,22.99,0,18,7.9194,134,0,1,1,0,3.011961134,0,0,0,0,0,0,0,0,0,0,0,0,0,0,0,0,0,0,0,0,0,0,0,0,0,0,0,0,0,0,0,0,0
0101000020E610000068B6A7BB1D4B3D4025CABD44E5294240,0,134,178,484,3,Letoon village of Kumuluova,Xanthos-Letoon,Xanthos-Letoon,1988,0, ,29.29342244,36.32730922,14,104.6617195,0,0,1,0,0,1,(iii)(vi),Cultural,C,Israel,Israël,Europe and North America,Europe et Amérique du nord,il,isr,0,4,,-9999,33,52,47.5,135,1,1,1,790.1123358,632.5998687,790.1123358,0,0,0,0,0,0,0,0,0,0,0,0,0,0,0,0,0,0,0,0,0,0,0,0,0,0,0,0,0,0,0,0
0101000020E610000031B2C7B8A0523D406871CEA1EF2D4240,0,135,179,484,1,Xanthos Village of Kinik,Xanthos-Letoon,Xanthos-Letoon,1988,0, ,29.32276492,36.35887549,112,101.6621972,0,0,1,0,0,1,(iii)(vi),Cultural,C,Israel,Israël,Europe and North America,Europe et Amérique du nord,il,isr,0,4,,-9999,177,202,184.2,136,1,1,1,960.8504346,1017.779001,960.8504346,0,0,0,0,0,0,0,0,0,0,0,0,0,0,0,0,0,0,0,0,0,0,0,0,0,0,0,0,0,0,0,0
0101000020E6100000D1B2EE1F0BF53C4063AA89D383824440,0.0424912,136,172,356,3,Zeyrek Mosque (Pantocrator Church) and its associated Conservation Area,Historic Areas of Istanbul,Zones historiques d'Istanbul,1985,0, ,28.957201,41.01964802,10,10.00196569,0,1,0,1,0,0,(ii)(iv),Cultural,C,Israel,Israël,Europe and North America,Europe et Amérique du nord,il,isr,0,2,,197,6,39,22.257,137,1,1,1,359.0738735,249.810596,249.810596,2.95,6.15,2.91,6.15,2.95,6.15,3.44,6.15,3.07,6.15,3.07,6.15,3.07,6.15,3.88,6.15,3.44,6.15,3.48,6.15,3.48,6.15,5.01,6.15,4.16,6.15,4.45,6.15,4.93,6.15,6.08,6.15
0101000020E6100000C5DA6B830BF63C40F2BC4CFB03824440,0.3170455,137,174,356,2,Süleymaniye Mosque and its associated Conservation Area,Historic Areas of Istanbul,Zones historiques d'Istanbul,1985,0, ,28.96111318,41.01574651,53,51.3847144,0,1,1,1,0,1,(ii)(iii)(iv)(vi),Cultural,C,Italy,Italie,Europe and North America,Europe et Amérique du nord,it,ita,0,2,,945.25,0,30,14.195,138,1,1,1,0,0,0,2.95,6.15,2.91,6.15,2.95,6.15,3.44,6.15,3.07,6.15,3.07,6.15,3.07,6.15,3.88,6.15,3.44,6.15,3.48,6.15,3.48,6.15,5.01,6.15,4.16,6.15,4.45,6.15,4.93,6.15,6.08,6.15
0101000020E61000000F6DF8C4D7FA3C4062CC0A031E814440,0,138,175,356,1,The Archaeological Park,Historic Areas of Istanbul,Zones historiques d'Istanbul,1985,0, ,28.97985488,41.00872839,109,124.1932868,0,1,1,1,0,1,(ii)(iii)(iv)(vi),Cultural,C,Italy,Italie,Europe and North America,Europe et Amérique du nord,it,ita,0,3,,3699.7,219,413,326.77,139,1,1,0,14312.14991,14204.82288,14312.14991,2.95,6.15,2.91,6.15,2.95,6.15,3.44,6.15,3.07,6.15,3.07,6.15,3.07,6.15,3.88,6.15,3.44,6.15,3.48,6.15,3.48,6.15,5.01,6.15,4.16,6.15,4.45,6.15,4.93,6.15,6.08,6.15
0101000020E6100000EC2CDDD1BD5C3B4008F87F1F9FF94240,0.0406135,140,173,1018,3,"Ayasuluk Holl, Artemision and Medieval Settlement",Ephesus,Éphèse,2015,0, ,27.36227142,37.95016855,45.82,46.78728502,0,1,1,1,0,1,(ii)(iii)(iv)(vi),Cultural,C,Italy,Italie,Europe and North America,Europe et Amérique du nord,it,ita,0,3,,874.45,0,147,64.103,141,1,1,0,0,0,0,3.76,6.46,3.76,6.46,3.76,6.46,4.28,6.81,3.89,6.55,3.93,6.58,3.93,6.58,4.8,7.16,4.28,6.81,4.37,6.87,4.37,6.87,5.97,7.95,5.06,7.33,5.54,7.66,6.23,8.12,7.12,9.2
0101000020E6100000158AF8774B563B40AB97DF6932F84240,0,141,177,1018,2,Ancient city of Ephesus,Ephesus,Éphèse,2015,0, ,27.33708906,37.9390385,614.76,614.5961704,0,0,1,0,0,1,(iii)(vi),Cultural,C,Israel,Israël,Europe and North America,Europe et Amérique du nord,il,isr,0,4,,-9999,120,172,154.75,142,1,1,1,1338.120891,1143.391529,1338.120891,3.76,6.46,3.76,6.46,3.76,6.46,4.28,6.81,3.89,6.55,3.93,6.58,3.93,6.58,4.8,7.16,4.28,6.81,4.37,6.87,4.37,6.87,5.97,7.95,5.06,7.33,5.54,7.66,6.23,8.12,7.12,9.2
0101000020E6100000599E077767553B40465F419AB1F44240,0,142,180,1018,4,House of Virgin Mary,Ephesus,Éphèse,2015,0, ,27.33361,37.91167,0.55,0.54919988,0,0,1,0,0,1,(iii)(vi),Cultural,C,Israel,Israël,Europe and North America,Europe et Amérique du nord,il,isr,0,4,,-9999,22,53,36.429,143,1,1,1,179.5597662,232.4507885,179.5597662,3.76,6.46,3.76,6.46,3.76,6.46,4.28,6.81,3.89,6.55,3.93,6.58,3.93,6.58,4.8,7.16,4.28,6.81,4.37,6.87,4.37,6.87,5.97,7.95,5.06,7.33,5.54,7.66,6.23,8.12,7.12,9.2
0101000020E610000051BEA085045C3B40DFC2BAF1EEF64240,0,143,181,1018,1,Cukurici Mound,Ephesus,Éphèse,2015,0, ,27.359444,37.929167,1.5,1.499641204,0,0,1,0,0,1,(iii)(vi),Cultural,C,Israel,Israël,Europe and North America,Europe et Amérique du nord,il,isr,0,2,,-9999,12,29,19.905,144,1,1,1,1551.496058,1796.439369,1551.496058,3.76,6.46,3.76,6.46,3.76,6.46,4.28,6.81,3.89,6.55,3.93,6.58,3.93,6.58,4.8,7.16,4.28,6.81,4.37,6.87,4.37,6.87,5.97,7.95,5.06,7.33,5.54,7.66,6.23,8.12,7.12,9.2
0101000020E6100000A3D161E1CB5E15C0C96272D5820F4240,0,144,182,1500,0, ,Gorham's Cave Complex,Ensemble des grottes de Gorham,2016,0, ,-5.342574617,36.12118023,28,6.942096342,0,0,1,0,0,1,(iii)(vi),Cultural,C,Israel,Israël,Europe and North America,Europe et Amérique du nord,il,isr,0,4,,-9999,13,16,14.2,145,0,0,1,127.7417137,240.5273949,127.7417137,4.73,7.04,4.73,7.04,4.73,7.04,4.97,7.04,4.85,7.04,4.85,7.04,4.85,7.04,5.25,7.04,5.13,7.04,5.17,7.04,5.29,7.04,6.05,7.04,5.77,7.04,6.09,7.04,6.13,7.04,6.13,7.04
0101000020E61000009EE159C4A8062D4000A824E37F9E4240,0.9394888,145,190,1024,1,Caltagirone,Late Baroque Towns of the Val di Noto (South-Eastern Sicily),Villes du baroque tardif de la vallée de Noto (sud-est de la Sicile),2002,0, ,14.51300634,37.23827781,22.9,22.93112545,0,0,1,0,0,1,(iii)(vi),Cultural,C,Israel,Israël,Europe and North America,Europe et Amérique du nord,il,isr,0,4,,-9999,7,14,7,146,0,0,1,34.33859449,167.4847056,34.33859449,0,7.86,0,7.86,0,7.86,0,7.86,0,7.86,0,7.86,0,7.86,0,7.86,0,7.86,0,7.86,0,7.86,0,7.86,0,7.86,0,7.86,0,7.86,0,7.86
0101000020E61000000B4D6D043D2B2E404304980971C04240,0.7694541,146,191,1024,2,Catania,Late Baroque Towns of the Val di Noto (South-Eastern Sicily),Villes du baroque tardif de la vallée de Noto (sud-est de la Sicile),2002,0, ,15.0844499,37.50344963,38.5,34.88291777,0,0,1,0,0,1,(iii)(vi),Cultural,C,Israel,Israël,Europe and North America,Europe et Amérique du nord,il,isr,0,4,,-9999,0,13,10,147,0,0,1,3.266510446,119.3014214,3.266510446,0,7.86,0,7.86,0,7.86,0,7.86,0,7.86,0,7.86,0,7.86,0,7.86,0,7.86,0,7.86,0,7.86,0,7.86,0,7.86,0,7.86,0,7.86,0,7.86
0101000020E61000000D2F0C81F1962D40C122B70DC0A24240,1,147,192,1024,3,Militello Val di Catania,Late Baroque Towns of the Val di Noto (South-Eastern Sicily),Villes du baroque tardif de la vallée de Noto (sud-est de la Sicile),2002,0, ,14.79481128,37.27148601,1.43,1.429939382,0,0,1,0,0,1,(iii)(vi),Cultural,C,Israel,Israël,Europe and North America,Europe et Amérique du nord,il,isr,0,2,,-9999,1,6,2.8333,148,1,1,1,680.3456554,869.2883061,680.3456554,0,7.86,0,7.86,0,7.86,0,7.86,0,7.86,0,7.86,0,7.86,0,7.86,0,7.86,0,7.86,0,7.86,0,7.86,0,7.86,0,7.86,0,7.86,0,7.86
0101000020E610000007B29E5A7D852D40D939F6811E6E4240,0,148,193,1024,4,Modica,Late Baroque Towns of the Val di Noto (South-Eastern Sicily),Villes du baroque tardif de la vallée de Noto (sud-est de la Sicile),2002,0, ,14.760722,36.86030602,9,9.010047572,0,0,1,0,0,1,(iii)(vi),Cultural,C,Israel,Israël,Europe and North America,Europe et Amérique du nord,il,isr,0,2,,-9999,13,25,16.167,149,1,1,1,1206.729309,1417.555582,1206.729309,0,7.86,0,7.86,0,7.86,0,7.86,0,7.86,0,7.86,0,7.86,0,7.86,0,7.86,0,7.86,0,7.86,0,7.86,0,7.86,0,7.86,0,7.86,0,7.86
0101000020E610000073249F70D9232E4094F472D00C724240,0.1551779,149,194,1024,5,Noto,Late Baroque Towns of the Val di Noto (South-Eastern Sicily),Villes du baroque tardif de la vallée de Noto (sud-est de la Sicile),2002,0, ,15.07001831,36.89101606,21.38,21.41074187,0,0,1,0,0,1,(iii)(vi),Cultural,C,Israel,Israël,Europe and North America,Europe et Amérique du nord,il,isr,0,4,,-9999,10,13,10,150,1,1,1,861.7106676,1117.580157,861.7106676,0,7.86,0,7.86,0,7.86,0,7.86,0,7.86,0,7.86,0,7.86,0,7.86,0,7.86,0,7.86,0,7.86,0,7.86,0,7.86,0,7.86,0,7.86,0,7.86
0101000020E61000007493180456CE2D400DFFE9060A884240,0.0386663,150,195,1024,6,Palazzolo Acreide,Late Baroque Towns of the Val di Noto (South-Eastern Sicily),Villes du baroque tardif de la vallée de Noto (sud-est de la Sicile),2002,0, ,14.903,37.062806,1.37,1.369850681,0,1,1,0,1,0,(ii)(iii)(v),Cultural,C,Croatia,Croatie,Europe and North America,Europe et Amérique du nord,hr,hrv,0,1,,6403.13,1,120,30.898,151,0,1,0,324.1289855,328.414609,324.1289855,0,7.86,0,7.86,0,7.86,0,7.86,0,7.86,0,7.86,0,7.86,0,7.86,0,7.86,0,7.86,0,7.86,0,7.86,0,7.86,0,7.86,0,7.86,0,7.86
0101000020E6100000FFECA2433B782D40B8BE9BB075764240,0.0005957,151,196,1024,7,Ragusa,Late Baroque Towns of the Val di Noto (South-Eastern Sicily),Villes du baroque tardif de la vallée de Noto (sud-est de la Sicile),2002,0, ,14.73482715,36.92546661,17.39,17.41281252,0,1,0,1,1,0,(ii)(iv)(v),Cultural,C,Spain,Espagne,Europe and North America,Europe et Amérique du nord,es,esp,0,1,,78617,-5,1429,511.84,152,1,1,0,0,0,0,0,7.86,0,7.86,0,7.86,0,7.86,0,7.86,0,7.86,0,7.86,0,7.86,0,7.86,0,7.86,0,7.86,0,7.86,0,7.86,0,7.86,0,7.86,0,7.86
0101000020E6100000773E8F93BA692D406D44E68093654240,0.0162038,152,197,1024,8,Scicli,Late Baroque Towns of the Val di Noto (South-Eastern Sicily),Villes du baroque tardif de la vallée de Noto (sud-est de la Sicile),2002,0, ,14.70650159,36.79356395,0.82,0.819465113,0,0,1,0,0,0,(iii),Cultural,C,United Kingdom of Great Britain and Northern Ireland,Royaume-Uni de Grande-Bretagne et d'Irlande du Nord,Europe and North America,Europe et Amérique du nord,gb,gbr,0,1,3,313,0,377,224.4,153,1,1,0,0,0,0,0,7.86,0,7.86,0,7.86,0,7.86,0,7.86,0,7.86,0,7.86,0,7.86,0,7.86,0,7.86,0,7.86,0,7.86,0,7.86,0,7.86,0,7.86,0,7.86
0101000020E61000001E882CD2C45323404A99D4D006DA4640,0,153,198,1533,1,Fortified city of Bergamo,Venetian Works of Defence between 15th and 17th centuries: Stato da Terra  western Stato da Mar,Ouvrages de défense vénitiens du XVIe au XVIIe siècle : Stato da Terra - Stato da Mar occidental,2017,0,,9.663611,45.703333,119.61,,0,0,1,1,0,0,(iii)(iv),Cultural,C,Italy,Italie,Europe and North America,Europe et Amérique du nord,it,ita,1,2,,446.07,264,473,339.38,154,1,1,1,153755.2461,153871.2935,153755.2461,4.62,6.5,4.62,6.5,4.58,6.5,5.14,6.5,4.74,6.5,4.74,6.5,4.74,6.5,5.5,6.5,5.06,6.5,5.14,6.5,5.14,6.5,6.07,6.5,5.78,6.5,6.07,6.5,6.07,6.5,6.07,6.5
0101000020E6100000C4EC65DB696325407EC9C6832DB84640,0,154,199,1533,2,Fortified city of Peschiera el Garda,Venetian Works of Defence between 15th and 17th centuries: Stato da Terra  western Stato da Mar,Ouvrages de défense vénitiens du XVIe au XVIIe siècle : Stato da Terra - Stato da Mar occidental,2017,0,,10.694167,45.438889,36.67,,0,0,1,1,0,0,(iii)(iv),Cultural,C,Italy,Italie,Europe and North America,Europe et Amérique du nord,it,ita,1,2,,143.85,60,80,70.387,155,1,1,1,113311.5804,113145.3566,113311.5804,4.62,6.5,4.62,6.5,4.58,6.5,5.14,6.5,4.74,6.5,4.74,6.5,4.74,6.5,5.5,6.5,5.06,6.5,5.14,6.5,5.14,6.5,6.07,6.5,5.78,6.5,6.07,6.5,6.07,6.5,6.07,6.5
0101000020E610000014B4C9E1939E2A40DEC5FB71FBF34640,0,155,200,1533,3,City Fortress of Palmanova,Venetian Works of Defence between 15th and 17th centuries: Stato da Terra  western Stato da Mar,Ouvrages de défense vénitiens du XVIe au XVIIe siècle : Stato da Terra - Stato da Mar occidental,2017,0,,13.309722,45.906111,193.73,,0,0,1,1,0,0,(iii)(iv),Cultural,C,Italy,Italie,Europe and North America,Europe et Amérique du nord,it,ita,1,2,,296.27,20,35,25.747,156,1,1,1,11651.18821,15460.88477,11651.18821,4.62,6.5,4.62,6.5,4.58,6.5,5.14,6.5,4.74,6.5,4.74,6.5,4.74,6.5,5.5,6.5,5.06,6.5,5.14,6.5,5.14,6.5,6.07,6.5,5.78,6.5,6.07,6.5,6.07,6.5,6.07,6.5
0101000020E610000001FA7DFFE6752E406E85B01A4B0E4640,0.956179162,156,201,1533,4,Defensive System of Zadar,Venetian Works of Defence between 15th and 17th centuries: Stato da Terra  western Stato da Mar,Ouvrages de défense vénitiens du XVIe au XVIIe siècle : Stato da Terra - Stato da Mar occidental,2017,0,,15.230278,44.111667,11.19,,0,0,1,1,0,0,(iii)(iv),Cultural,C,Croatia,Croaie,Europe and North America,Europe et Amérique du nord,hr,hrv,1,2,,240.45,-2,11,5.2105,157,1,1,1,0,0,0,4.62,6.5,4.62,6.5,4.58,6.5,5.14,6.5,4.74,6.5,4.74,6.5,4.74,6.5,5.5,6.5,5.06,6.5,5.14,6.5,5.14,6.5,6.07,6.5,5.78,6.5,6.07,6.5,6.07,6.5,6.07,6.5
0101000020E6100000EB573A1F9EB52F40DA58897956DC4540,1,157,202,1533,5,"Fort of St. Nikola, ibenik-Knin County",Venetian Works of Defence between 15th and 17th centuries: Stato da Terra  western Stato da Mar,Ouvrages de défense vénitiens du XVIe au XVIIe siècle : Stato da Terra - Stato da Mar occidental,2017,0,,15.854722,43.721389,0.85,,0,0,1,1,0,0,(iii)(iv),Cultural,C,Croatia,Croaie,Europe and North America,Europe et Amérique du nord,hr,hrv,1,2,,523.79,0,5,3,158,0,0,0,54.377949,0,54.377949,4.62,6.5,4.62,6.5,4.58,6.5,5.14,6.5,4.74,6.5,4.74,6.5,4.74,6.5,5.5,6.5,5.06,6.5,5.14,6.5,5.14,6.5,6.07,6.5,5.78,6.5,6.07,6.5,6.07,6.5,6.07,6.5
0101000020E6100000EB573A1F9EC53240E99C9FE238364540,0.291909928,158,203,1533,6,Fortified city of Kotor,Venetian Works of Defence between 15th and 17th centuries: Stato da Terra  western Stato da Mar,Ouvrages de défense vénitiens du XVIe au XVIIe siècle : Stato da Terra - Stato da Mar occidental,2017,0,,18.771944,42.423611,16.32,,0,0,1,1,0,0,(iii)(iv),Cultural,C,Montenegro,Monténégro,Europe and North America,Europe et Amérique du nord,me,mne,1,2,,99.19,-1,210,55.885,159,1,1,1,34.465694,31.22393146,34.465694,4.62,6.5,4.62,6.5,4.58,6.5,5.14,6.5,4.74,6.5,4.74,6.5,4.74,6.5,5.5,6.5,5.06,6.5,5.14,6.5,5.14,6.5,6.07,6.5,5.78,6.5,6.07,6.5,6.07,6.5,6.07,6.5
